id,token,pred_tag,true_tag
0,O,O,O
0,diabetes,B-Complication,B-Complication
0,prejudica,O,O
0,a,O,O
0,circulação,O,O
0,sanguínea,O,O
0,e,O,O
0,os,O,O
0,nervos,O,O
0,presentes,O,O
0,nos,O,O
0,pés,O,O
0,(,O,O
0,a,O,O
0,chamada,O,O
0,neuropatia,B-Complication,B-Complication
0,diabética,I-Complication,I-Complication
0,),O,O
0,.,O,O
0,Por,O,O
0,isso,O,O
0,",",O,O
0,pode,O,O
0,ocorrer,O,O
0,alguns,O,O
0,problemas,O,O
0,que,O,O
0,demandam,O,O
0,cuidados,O,O
0,para,O,O
0,com,O,O
0,os,O,O
0,membros,O,O
0,inferiores,O,O
0,.,O,O
0,Os,O,O
0,sintomas,O,O
0,comumente,O,O
0,sentidos,O,O
0,por,O,O
0,pessoas,O,O
0,com,O,O
0,diabetes,B-Complication,B-Complication
0,são,O,O
0,formigamento,O,B-Symptom
0,",",O,O
0,dor,B-Symptom,I-Symptom
0,(,O,O
0,sensação,O,O
0,dos,O,O
0,pés,O,O
0,estarem,O,O
0,ardendo,O,O
0,ou,O,O
0,sofrendo,O,O
0,picadas,O,O
0,),O,O
0,e,O,O
0,fraqueza,I-Symptom,I-Symptom
0,.,O,O
1,Evite,O,O
1,hábitos,O,O
1,que,O,O
1,prejudiquem,O,O
1,a,O,O
1,circulação,O,O
1,sanguínea,O,O
1,",",O,O
1,como,O,O
1,fumar,O,O
1,e,O,O
1,consumir,O,O
1,alimentos,O,O
1,gosdurosos,O,O
1,e,O,O
1,com,O,O
1,muito,O,O
1,sal,O,B-Food
1,.,O,O
1,Em,O,O
1,situações,O,O
1,extremas,O,O
1,",",O,O
1,procure,O,O
1,ajuda,O,O
1,de,O,O
1,um,O,O
1,(,O,O
1,a,O,O
1,),O,O
1,profissional,O,O
1,da,O,O
1,saúde,O,O
1,.,O,O
2,A,O,B-Complication
2,retinopatia,B-Complication,I-Complication
2,diabética,I-Complication,I-Complication
2,é,O,O
2,uma,O,O
2,série,O,O
2,de,O,O
2,problemas,O,O
2,que,O,O
2,ocorrem,O,O
2,na,O,O
2,retina,O,O
2,(,O,O
2,parte,O,O
2,interna,O,O
2,do,O,O
2,olho,O,O
2,onde,O,O
2,as,O,O
2,imagens,O,O
2,se,O,O
2,formam,O,O
2,),O,O
2,devido,O,O
2,ao,O,O
2,diabetes,B-Complication,O
2,.,O,O
2,A,O,O
2,retinopatia,B-Complication,O
2,pode,O,O
2,ser,O,O
2,do,O,O
2,tipo,O,O
2,não-proliferativa,O,O
2,ou,O,O
2,proliferativa,O,O
2,.,O,O
2,Essas,O,O
2,complicações,O,O
2,são,O,O
2,mais,O,O
2,comuns,O,O
2,em,O,O
2,pessoas,O,O
2,com,O,O
2,diabetes,B-DiabetesType,B-DiabetesType
2,tipo,I-DiabetesType,I-DiabetesType
2,1,I-DiabetesType,I-DiabetesType
2,",",O,O
2,embora,O,O
2,pessoas,O,O
2,com,O,O
2,o,O,O
2,tipo,B-DiabetesType,B-DiabetesType
2,2,I-DiabetesType,I-DiabetesType
2,também,O,O
2,devem,O,O
2,ficar,O,O
2,atentas,O,O
2,.,O,O
3,Todos,O,O
3,os,O,O
3,medicamentos,O,O
3,têm,O,O
3,potenciais,O,O
3,efeitos,O,O
3,colaterais,O,O
3,.,O,O
3,Ao,O,O
3,tomar,O,O
3,metformina,B-Medication,B-Medication
3,",",O,O
3,você,O,O
3,deve,O,O
3,verificar,O,O
3,as,O,O
3,enzimas,O,O
3,hepáticas,O,O
3,a,O,B-Set
3,cada,O,I-Set
3,3,O,I-Set
3,meses,O,I-Set
3,",",O,O
3,pelo,O,O
3,menos,O,O
3,inicialmente,O,O
3,",",O,O
3,certificando-se,O,O
3,de,O,O
3,que,O,O
3,estão,O,O
3,estabilizadas,O,O
3,.,O,O
3,Este,O,O
3,é,O,O
3,um,O,O
3,ótimo,O,O
3,momento,O,O
3,para,O,O
3,você,O,O
3,realmente,O,O
3,começar,O,O
3,um,O,O
3,Plano,O,O
3,de,O,O
3,Estilo,O,O
3,de,O,O
3,Vida,O,O
3,Saudável,O,O
3,",",O,O
3,trabalhando,O,O
3,para,O,O
3,reduzir,O,O
3,o,O,O
3,excesso,O,O
3,de,O,O
3,gordura,O,O
3,corporal,O,O
3,",",O,O
3,se,O,O
3,isso,O,O
3,for,O,O
3,um,O,O
3,problema,O,O
3,.,O,O
3,É,O,O
3,possível,O,O
3,reduzir,O,O
3,/,O,O
3,interromper,O,O
3,a,O,O
3,medicação,O,O
3,e,O,O
3,existem,O,O
3,aqueles,O,O
3,que,O,O
3,conseguiram,O,O
3,manter,O,O
3,os,O,O
3,níveis,O,O
3,de,O,O
3,glicose,O,O
3,sem,O,O
3,medicação,O,O
3,.,O,O
3,Obtenha,O,O
3,toda,O,O
3,a,O,O
3,assistência,O,O
3,necessária,O,O
3,aqui,O,O
3,se,O,O
3,não,O,O
3,tiver,O,O
3,certeza,O,O
3,sobre,O,O
3,a,O,O
3,ingestão,O,O
3,de,O,O
3,alimentos,O,B-Food
3,integrais,O,I-Food
3,e,O,O
3,um,O,O
3,estilo,O,O
3,de,O,O
3,vida,O,O
3,ativo,O,O
3,.,O,O
3,Existem,O,O
3,suplementos,O,B-Food
3,nutricionais,O,I-Food
3,que,O,O
3,também,O,O
3,são,O,O
3,úteis,O,O
3,.,O,O
3,O,O,O
3,que,O,O
3,é,O,O
3,melhor,O,O
3,para,O,O
3,você,O,O
3,dependerá,O,O
3,em,O,O
3,parte,O,O
3,de,O,O
3,quaisquer,O,O
3,outras,O,O
3,condições,O,O
3,de,O,O
3,saúde,O,O
3,/,O,O
3,medicamentos,O,O
3,que,O,O
3,você,O,O
3,possa,O,O
3,estar,O,O
3,tomando,O,O
3,.,O,O
3,Com,O,O
3,paciência,O,O
3,",",O,O
3,foco,O,O
3,e,O,O
3,tempo,O,O
3,gasto,O,O
3,para,O,O
3,aprender,O,O
3,sobre,O,O
3,sua,O,O
3,condição,O,O
3,",",O,O
3,você,O,O
3,certamente,O,O
3,deve,O,O
3,progredir,O,O
3,.,O,O
4,Enjoo,O,B-Symptom
4,pode,O,O
4,ser,O,O
4,um,O,O
4,efeito,O,O
4,colateral,O,O
4,de,O,O
4,diversos,O,O
4,remédios,O,O
4,.,O,O
4,Por,O,O
4,isso,O,O
4,",",O,O
4,é,O,O
4,importante,O,O
4,que,O,O
4,você,O,O
4,conte,O,O
4,para,O,O
4,o,O,O
4,seu,O,O
4,médico,O,O
4,que,O,O
4,está,O,O
4,sentindo,O,O
4,isso,O,O
4,para,O,O
4,que,O,O
4,ele,O,O
4,possa,O,O
4,avaliar,O,O
4,se,O,O
4,é,O,O
4,um,O,O
4,efeito,O,O
4,colateral,O,O
4,esperado,O,O
4,ou,O,O
4,se,O,O
4,o,O,O
4,enjoo,O,I-Symptom
4,está,O,O
4,sendo,O,O
4,causado,O,O
4,por,O,O
4,outro,O,O
4,motivo,O,O
4,.,O,O
5,É,O,O
5,comum,O,O
5,aparecer,O,O
5,calos,O,B-Complication
5,nos,O,I-Complication
5,pés,O,I-Complication
5,de,O,O
5,pessoas,O,O
5,com,O,O
5,diabetes,B-Complication,B-Complication
5,.,O,O
5,Caso,O,O
5,não,O,O
5,sejam,O,O
5,tratados,O,O
5,",",O,O
5,esses,O,O
5,calos,O,I-Complication
5,podem,O,O
5,se,O,O
5,transformar,O,O
5,em,O,O
5,feridas,O,B-Complication
5,expostas,O,I-Complication
5,.,O,O
5,Essas,O,O
5,feridas,I-Complication,B-Complication
5,são,O,O
5,mais,O,O
5,frequentes,O,O
5,na,O,O
5,sola,O,O
5,dos,O,O
5,pés,O,O
5,",",O,O
5,mas,O,O
5,também,O,O
5,podem,O,O
5,aparecer,O,O
5,nas,O,O
5,laterais,O,O
5,devido,O,O
5,ao,O,O
5,uso,O,O
5,de,O,O
5,sapatos,O,O
5,inadequados,O,O
5,.,O,O
6,Antes,O,O
6,de,O,O
6,serem,O,O
6,diagnosticadas,O,O
6,",",O,O
6,pessoas,O,O
6,com,O,O
6,diabetes,B-DiabetesType,B-DiabetesType
6,tipo,I-DiabetesType,I-DiabetesType
6,1,I-DiabetesType,I-DiabetesType
6,costumam,O,O
6,ter,O,O
6,um,O,O
6,rápido,O,B-Symptom
6,emagrecimento,O,I-Symptom
6,.,O,O
6,A,O,O
6,baixa,O,O
6,absorção,O,O
6,de,O,O
6,insulina,O,O
6,faz,O,O
6,com,O,O
6,que,O,O
6,o,O,O
6,organismo,O,O
6,não,O,O
6,consiga,O,O
6,transformar,O,O
6,a,O,O
6,glicose,O,O
6,em,O,O
6,energia,O,O
6,.,O,O
6,Por,O,O
6,isso,O,O
6,",",O,O
6,ele,O,O
6,passa,O,O
6,a,O,O
6,queimar,O,O
6,gorduras,O,O
6,para,O,O
6,esse,O,O
6,fim,O,O
6,",",O,O
6,o,O,O
6,que,O,O
6,leva,O,O
6,à,O,O
6,perda,O,B-Symptom
6,de,O,I-Symptom
6,peso,O,I-Symptom
6,repentina,O,I-Symptom
6,.,O,O
6,_,O,O
6,_,O,O
6,É,O,O
6,comum,O,O
6,que,O,O
6,haja,O,O
6,uma,O,O
6,recuperação,O,O
6,do,O,O
6,peso,O,O
6,quando,O,O
6,o,O,O
6,(,O,O
6,a,O,O
6,),O,O
6,paciente,O,O
6,inicia,O,O
6,o,O,O
6,tratamento,O,O
6,com,O,O
6,a,O,O
6,insulina,O,O
6,.,O,O
6,Algumas,O,O
6,pessoas,O,O
6,associam,O,O
6,o,O,O
6,medicamento,O,O
6,com,O,O
6,o,O,O
6,ganho,B-Symptom,O
6,de,I-Symptom,O
6,peso,I-Symptom,O
6,e,O,O
6,abandonam,O,O
6,o,O,O
6,tratamento,O,O
6,.,O,O
6,Essa,O,O
6,atitude,O,O
6,é,O,O
6,extremente,O,O
6,prejuducial,O,O
6,à,O,O
6,saúde,O,O
6,",",O,O
6,pois,O,O
6,a,O,O
6,suspensão,O,O
6,do,O,O
6,uso,O,O
6,da,O,O
6,insulina,O,B-Insulin
6,faz,O,O
6,com,O,O
6,que,O,O
6,os,O,O
6,níveis,B-GlucoseValue,B-GlucoseValue
6,de,I-GlucoseValue,I-GlucoseValue
6,glicose,I-GlucoseValue,I-GlucoseValue
6,no,I-GlucoseValue,I-GlucoseValue
6,sangue,I-GlucoseValue,I-GlucoseValue
6,aumentem,O,O
6,",",O,O
6,causando,O,O
6,uma,O,O
6,série,O,O
6,de,O,O
6,sintomas,O,O
6,e,O,O
6,complicações,O,O
6,a,O,O
6,curto,O,O
6,",",O,O
6,médio,O,O
6,e,O,O
6,longo,O,O
6,prazo,O,O
7,A,O,O
7,hipoglicemia,B-Complication,B-Complication
7,é,O,O
7,a,O,O
7,falta,B-GlucoseValue,B-GlucoseValue
7,de,I-GlucoseValue,I-GlucoseValue
7,glicose,I-GlucoseValue,I-GlucoseValue
7,no,I-GlucoseValue,I-GlucoseValue
7,sangue,I-GlucoseValue,I-GlucoseValue
7,e,O,O
7,tem,O,O
7,como,O,O
7,sintomas,O,O
7,suor,O,B-Symptom
7,exagerado,O,I-Symptom
7,",",O,O
7,fadiga,I-Food,B-Symptom
7,e,O,O
7,tonturas,B-Food,I-Symptom
7,.,O,O
7,No,O,O
7,entanto,O,O
7,",",O,O
7,em,O,O
7,casos,O,O
7,mais,O,O
7,graves,O,O
7,também,O,O
7,pode,O,O
7,ocorrer,O,O
7,aumento,B-Symptom,B-Symptom
7,da,I-Symptom,I-Symptom
7,frequência,I-Symptom,I-Symptom
7,cardíaca,I-Symptom,I-Symptom
7,",",O,O
7,visão,O,B-Symptom
7,turva,O,I-Symptom
7,",",O,O
7,confusão,O,B-Symptom
7,",",O,O
7,convulsões,O,I-Symptom
7,e,O,O
7,até,O,O
7,coma,O,B-Complication
7,.,O,O
7,A,O,O
7,hipoglicemia,B-Complication,I-Complication
7,ocorre,O,O
7,geralmente,O,O
7,quando,O,O
7,se,O,O
7,alimenta,O,O
7,pouco,O,O
7,",",O,O
7,quando,O,O
7,se,O,O
7,exercita,O,O
7,demais,O,O
7,ou,O,O
7,quando,O,O
7,se,O,O
7,utiliza,O,O
7,doses,O,O
7,maiores,O,O
7,que,O,O
7,as,O,O
7,recomendadas,O,O
7,de,O,O
7,medicamentos,O,O
7,para,O,O
7,o,O,O
7,controle,O,O
7,do,O,O
7,diabetes,B-Complication,I-Complication
7,ou,O,O
7,de,O,O
7,insulina,O,O
7,.,O,O
7,A,O,O
7,ingestão,O,O
7,excessiva,O,O
7,de,O,O
7,álcool,O,O
7,também,O,O
7,causa,O,O
7,hipoglicemia,B-Complication,I-Complication
7,.,O,O
7,Para,O,O
7,reverter,O,O
7,um,O,O
7,quadro,O,O
7,de,O,O
7,hipoglicemia,B-Complication,I-Complication
7,recomenda-se,O,O
7,a,O,O
7,ingestão,O,O
7,de,O,O
7,algum,O,O
7,alimento,O,O
7,que,O,O
7,libere,O,O
7,glicose,O,O
7,de,O,O
7,forma,O,O
7,rápida,O,O
7,",",O,O
7,como,O,O
7,balas,O,B-Food
7,",",O,O
7,sucos,I-Food,I-Food
7,e,O,O
7,doces,B-Food,I-Food
7,(,O,O
7,a,O,O
7,recomendação,O,O
7,é,O,O
7,de,B-Dose,O
7,15,I-Dose,O
7,gramas,I-Dose,O
7,de,O,O
7,glicose,O,O
7,",",O,O
7,o,O,O
7,que,O,O
7,representa,O,O
7,de,O,O
7,metade,O,O
7,a,O,O
7,um,O,B-Dose
7,copo,O,I-Dose
7,de,O,O
7,refrigerante,O,B-Food
7,açucarado,O,I-Food
7,),O,O
7,.,O,O
7,Caso,O,O
7,não,O,O
7,haja,O,O
7,melhora,O,O
7,nos,O,O
7,sintomas,O,O
7,dentro,O,O
7,de,O,O
7,10,O,B-Duration
7,minutos,O,I-Duration
7,",",O,O
7,pode-se,O,O
7,repetir,O,O
7,esse,O,O
7,processo,O,O
7,.,O,O
7,Se,O,O
7,depois,O,O
7,de,O,O
7,3,O,O
7,vezes,O,O
7,os,O,O
7,sintomas,O,O
7,continuarem,O,O
7,",",O,O
7,é,O,O
7,melhor,O,O
7,consultar,O,O
7,um,O,O
7,médico,O,O
7,.,O,O
8,Os,O,O
8,níveis,B-GlucoseValue,O
8,deglicemia,I-GlucoseValue,O
8,em,B-Time,B-Time
8,jejum,I-Time,I-Time
8,são,O,O
8,geralmente,O,O
8,mais,O,O
8,altos,O,O
8,no,O,B-Time
8,início,O,I-Time
8,da,O,I-Time
8,manhã,B-Time,I-Time
8,devido,I-Time,O
8,ao,I-Time,O
8,aumento,I-Time,O
8,da,I-Time,O
8,atividade,I-Time,O
8,hormonal,I-Time,O
8,durante,I-Time,O
8,a,I-Time,O
8,noite,I-Time,O
8,e,O,O
8,tendem,O,O
8,a,O,O
8,diminuir,O,O
8,para,O,O
8,níveis,O,O
8,mais,O,O
8,normais,O,O
8,durante,O,O
8,o,O,O
8,dia,O,O
8,.,O,O
9,Quem,O,O
9,tem,O,O
9,diabetes,B-Complication,O
9,tem,O,O
9,uma,O,O
9,chance,O,O
9,maior,O,O
9,de,O,O
9,ter,O,O
9,dificuldades,B-Symptom,B-Symptom
9,na,I-Symptom,I-Symptom
9,cicatrização,I-Symptom,I-Symptom
9,",",O,O
9,pois,O,O
9,as,O,O
9,suas,O,O
9,veias,O,O
9,e,O,O
9,artérias,O,O
9,(,O,O
9,principalmente,O,O
9,das,O,O
9,pernas,O,O
9,e,O,O
9,dos,O,O
9,pés,O,O
9,),O,O
9,costumam,O,O
9,não,O,O
9,cumprir,O,O
9,seu,O,O
9,papel,O,O
9,tão,O,O
9,bem,O,O
9,.,O,O
9,Além,O,O
9,disso,O,O
9,",",O,O
9,é,O,O
9,comum,O,O
9,uma,O,O
9,pessoa,O,O
9,com,O,O
9,diabetes,O,O
9,ter,O,O
9,a,O,O
9,polineuropatia,B-Complication,B-Complication
9,sensitiva,I-Complication,I-Complication
9,distal,I-Complication,I-Complication
9,",",O,O
9,que,O,O
9,a,O,O
9,faz,O,O
9,perder,B-Complication,O
9,a,I-Complication,O
9,sensibilidade,I-Complication,B-Complication
9,nos,I-Complication,I-Complication
9,membros,I-Complication,I-Complication
9,(,O,O
9,principalmente,O,O
9,nas,O,O
9,pernas,O,O
9,e,O,O
9,os,O,O
9,pés,O,O
9,),O,O
9,e,O,O
9,isso,O,O
9,gera,O,O
9,uma,O,O
9,série,O,O
9,de,O,O
9,problemas,O,O
9,nessas,O,O
9,regiões,O,O
9,.,O,O
9,Esse,O,O
9,conjunto,O,O
9,de,O,O
9,fatores,O,O
9,levam,O,O
9,a,O,O
9,uma,O,O
9,maior,O,O
9,dificuldade,B-Symptom,B-Symptom
9,de,I-Symptom,I-Symptom
9,cicatrização,I-Symptom,I-Symptom
9,",",O,O
9,o,O,O
9,que,O,O
9,se,O,O
9,relaciona,O,O
9,à,O,O
9,maior,O,O
9,chance,O,O
9,de,O,O
9,uma,O,O
9,pessoa,O,O
9,com,O,O
9,diabetes,O,O
9,ter,O,O
9,complicações,O,O
9,ao,O,O
9,realizar,O,O
9,cirurgias,O,O
9,",",O,O
9,tatuagens,O,O
9,ou,O,O
9,piercings,O,O
9,.,O,O
10,É,O,O
10,importante,O,O
10,lembrar,O,O
10,que,O,O
10,tudo,O,O
10,em,O,O
10,excesso,O,O
10,faz,O,O
10,mal,O,O
10,e,O,O
10,que,O,O
10,mais,O,O
10,importante,O,O
10,que,O,O
10,comer,O,O
10,ou,O,O
10,deixar,O,O
10,de,O,O
10,comer,O,O
10,certos,O,O
10,alimentos,O,O
10,",",O,O
10,é,O,O
10,ter,O,O
10,uma,O,O
10,dieta,B-NonMedicalTreatment,B-NonMedicalTreatment
10,balanceada,I-NonMedicalTreatment,I-NonMedicalTreatment
10,com,O,O
10,os,O,O
10,nutrientes,B-Food,B-Food
10,e,O,O
10,calorias,I-Food,I-Food
10,adequadas,O,O
10,para,O,O
10,cada,O,O
10,pessoa,O,O
10,.,O,O
10,Por,O,O
10,isso,O,O
10,",",O,O
10,é,O,O
10,ideal,O,O
10,que,O,O
10,se,O,O
10,consulte,O,O
10,com,O,O
10,um,O,O
10,nutricionista,O,O
10,(,O,O
10,que,O,O
10,estão,O,O
10,disponíveis,O,O
10,gratuitamente,O,O
10,no,O,O
10,SUS,O,O
10,),O,O
10,que,O,O
10,poderá,O,O
10,montar,O,O
10,uma,O,O
10,dieta,B-NonMedicalTreatment,B-NonMedicalTreatment
10,ideal,I-NonMedicalTreatment,I-NonMedicalTreatment
10,para,O,O
10,as,O,O
10,suas,O,O
10,necessidades,O,O
10,.,O,O
10,Em,O,O
10,outras,O,O
10,palavras,O,O
10,",",O,O
10,tomar,O,O
10,uma,O,O
10,cerveja,O,B-Food
10,de,O,O
10,vez,O,O
10,em,O,O
10,quando,O,O
10,e,O,O
10,com,O,O
10,moderação,O,O
10,não,O,O
10,está,O,O
10,proibido,O,O
10,",",O,O
10,desde,O,O
10,que,O,O
10,se,O,O
10,tome,O,O
10,as,O,O
10,medidas,O,O
10,necessárias,O,O
10,para,O,O
10,controlar,O,O
10,corretamente,O,O
10,o,O,O
10,diabetes,B-Complication,B-Complication
10,.,O,O
11,O,O,O
11,nível,O,B-GlucoseValue
11,“,O,I-GlucoseValue
11,ideal,O,I-GlucoseValue
11,”,O,I-GlucoseValue
11,de,O,I-GlucoseValue
11,glicemia,B-GlucoseValue,I-GlucoseValue
11,é,O,O
11,cerca,O,O
11,de,B-GlucoseValue,O
11,80,I-GlucoseValue,B-GlucoseValue
11,em,B-Time,B-Set
11,jejum,I-Time,I-Set
11,",",O,O
11,mas,O,O
11,as,O,O
11,diretrizes,O,O
11,permitem,O,O
11,um,O,O
11,nível,O,O
11,maior,O,O
11,.,O,O
11,Níveis,O,O
11,mais,O,O
11,altos,O,O
11,podem,O,O
11,",",O,O
11,ao,O,O
11,longo,O,O
11,de,O,O
11,muitos,O,O
11,anos,O,O
11,",",O,O
11,afetar,O,O
11,suas,O,O
11,terminações,O,O
11,nervosas,O,O
11,",",O,O
11,mas,O,O
11,isso,O,O
11,geralmente,O,O
11,depende,O,O
11,de,O,O
11,outras,O,O
11,condições,O,O
11,que,O,O
11,você,O,O
11,possa,O,O
11,ter,O,O
11,.,O,O
11,Tomar,O,O
11,Metformina,B-Medication,B-Medication
11,à,B-Time,O
11,noite,I-Time,O
11,pode,O,O
11,ter,O,O
11,como,O,O
11,objetivo,O,O
11,diminuir,O,O
11,a,O,O
11,glicemia,B-GlucoseValue,O
11,rápido,I-GlucoseValue,O
11,no,I-GlucoseValue,O
11,sangue,I-GlucoseValue,O
11,.,O,O
11,Priorize,O,O
11,manter,O,O
11,um,O,O
11,estilo,O,O
11,de,O,O
11,vida,O,O
11,tão,O,O
11,saudável,O,O
11,quanto,O,O
11,possível,O,O
11,com,O,O
11,alimentos,O,O
11,",",O,O
11,atividades,B-NonMedicalTreatment,O
11,e,O,O
11,níveis,O,B-NonMedicalTreatment
11,mais,O,I-NonMedicalTreatment
11,baixos,O,I-NonMedicalTreatment
11,de,O,I-NonMedicalTreatment
11,estresse,O,I-NonMedicalTreatment
11,.,O,O
11,Enfoque,O,O
11,mais,O,O
11,a,O,O
11,melhoria,O,O
11,do,O,O
11,estilo,O,O
11,de,O,O
11,vida,O,O
11,antes,O,O
11,de,O,O
11,se,O,O
11,concentrar,O,O
11,demais,O,O
11,nos,O,O
11,valores,O,O
11,.,O,O
12,As,O,O
12,frutas,B-Food,B-Food
12,devem,O,O
12,ser,O,O
12,consumidas,O,O
12,por,O,O
12,todas,O,O
12,as,O,O
12,pessoas,O,O
12,",",O,O
12,mas,O,O
12,com,O,O
12,moderação,O,O
12,",",O,O
12,pois,O,O
12,esses,O,O
12,alimentos,O,O
12,possuem,O,O
12,um,O,O
12,tipo,O,O
12,de,O,O
12,açúcar,O,I-Food
12,e,O,O
12,podem,O,O
12,aumentar,O,B-GlucoseValue
12,a,O,I-GlucoseValue
12,glicemia,B-GlucoseValue,I-GlucoseValue
12,(,O,O
12,quantidade,B-GlucoseValue,O
12,de,I-GlucoseValue,O
12,açúcar,I-GlucoseValue,O
12,no,I-GlucoseValue,O
12,sangue,I-GlucoseValue,O
12,),O,O
12,.,O,O
12,É,O,O
12,importante,O,O
12,seguir,O,O
12,a,O,O
12,recomendação,O,O
12,de,O,O
12,comer,O,O
12,de,B-Dose,O
12,3,I-Dose,B-Dose
12,a,I-Dose,I-Dose
12,5,I-Dose,I-Dose
12,porções,I-Dose,I-Dose
12,de,O,O
12,frutas,B-Food,B-Food
12,por,O,B-Set
12,dia,O,I-Set
12,.,O,O
12,Mas,O,O
12,não,O,O
12,é,O,O
12,recomendado,O,O
12,que,O,O
12,se,O,O
12,consuma,O,O
12,sucos,O,B-Food
12,",",O,O
12,pois,O,O
12,normalmente,O,O
12,eles,O,O
12,não,O,O
12,possuem,O,O
12,tantas,O,O
12,fibras,B-Food,O
12,",",O,O
12,o,O,O
12,que,O,O
12,faz,O,O
12,com,O,O
12,que,O,O
12,tenham,O,O
12,um,O,O
12,elevado,O,B-GlucoseValue
12,índice,B-GlucoseValue,I-GlucoseValue
12,glicêmico,I-GlucoseValue,I-GlucoseValue
12,(,O,O
12,o,O,O
12,açúcar,O,O
12,é,O,O
12,absorvido,O,O
12,mais,O,O
12,rápido,O,O
12,),O,O
12,",",O,O
12,o,O,O
12,que,O,O
12,não,O,O
12,é,O,O
12,bom,O,O
12,para,O,O
12,a,O,O
12,pessoa,O,O
12,com,O,O
12,diabetes,B-Complication,O
12,.,O,O
13,A,O,O
13,Metformina,B-Medication,B-Medication
13,de,O,O
13,qualquer,O,O
13,marca,O,O
13,é,O,O
13,um,O,O
13,remédio,O,O
13,que,O,O
13,pode,O,O
13,sim,O,O
13,levar,O,O
13,a,O,O
13,perda,O,B-Symptom
13,de,O,I-Symptom
13,peso,O,I-Symptom
13,.,O,O
13,No,O,O
13,entanto,O,O
13,",",O,O
13,não,O,O
13,adianta,O,O
13,apenas,O,O
13,tomar,O,O
13,esse,O,O
13,remédio,O,O
13,sem,O,O
13,mudar,O,O
13,os,O,O
13,seus,O,O
13,hábitos,O,O
13,de,O,O
13,vida,O,O
13,.,O,O
13,É,O,O
13,necessário,O,O
13,adotar,O,O
13,uma,O,O
13,dieta,B-NonMedicalTreatment,B-NonMedicalTreatment
13,equilibrada,I-NonMedicalTreatment,I-NonMedicalTreatment
13,e,O,O
13,praticar,B-NonMedicalTreatment,B-NonMedicalTreatment
13,exercícios,I-NonMedicalTreatment,I-NonMedicalTreatment
13,físicos,I-NonMedicalTreatment,I-NonMedicalTreatment
13,regularmente,O,I-NonMedicalTreatment
13,",",O,O
13,caso,O,O
13,contrário,O,O
13,não,O,O
13,haverá,O,O
13,emagrecimento,B-Symptom,O
13,.,O,O
13,Além,O,O
13,disso,O,O
13,",",O,O
13,a,O,O
13,dose,O,O
13,(,O,O
13,em,O,O
13,miligramas,O,O
13,),O,O
13,deve,O,O
13,ser,O,O
13,tomada,O,O
13,de,O,O
13,acordo,O,O
13,com,O,O
13,a,O,O
13,orientação,O,O
13,do,O,O
13,médico,O,O
13,e,O,O
13,não,O,O
13,de,O,O
13,qualquer,O,O
13,forma,O,O
13,com,O,O
13,o,O,O
13,objetivo,O,O
13,de,O,O
13,emagrecer,O,O
13,.,O,O
14,Lidar,O,O
14,com,O,O
14,uma,O,O
14,doença,O,O
14,crônica,O,O
14,pode,O,O
14,ser,O,O
14,muito,O,O
14,difícil,O,O
14,e,O,O
14,doloroso,O,O
14,.,O,O
14,Porém,O,O
14,",",O,O
14,esse,O,O
14,processo,O,O
14,também,O,O
14,pode,O,O
14,ser,O,O
14,visto,O,O
14,como,O,O
14,uma,O,O
14,nova,O,O
14,chance,O,O
14,de,O,O
14,se,O,O
14,tratar,O,O
14,de,O,O
14,uma,O,O
14,forma,O,O
14,mais,O,O
14,carinhosa,O,O
14,e,O,O
14,saudável,O,O
14,!,O,O
14,As,O,O
14,mudanças,O,O
14,de,O,O
14,estilo,O,O
14,de,O,O
14,vida,O,O
14,(,O,O
14,alimentação,B-NonMedicalTreatment,B-NonMedicalTreatment
14,saudável,I-NonMedicalTreatment,I-NonMedicalTreatment
14,",",O,O
14,prática,B-NonMedicalTreatment,B-NonMedicalTreatment
14,de,I-NonMedicalTreatment,I-NonMedicalTreatment
14,exercícios,I-NonMedicalTreatment,I-NonMedicalTreatment
14,físicos,I-NonMedicalTreatment,I-NonMedicalTreatment
14,",",O,O
14,perda,B-NonMedicalTreatment,B-NonMedicalTreatment
14,de,I-NonMedicalTreatment,I-NonMedicalTreatment
14,peso,I-NonMedicalTreatment,I-NonMedicalTreatment
14,.,O,O
14,.,O,O
14,.,O,O
14,),O,O
14,são,O,O
14,uma,O,O
14,parte,O,O
14,fundamental,O,O
14,do,O,O
14,tratamento,O,O
14,de,O,O
14,qualquer,O,O
14,pessoa,O,O
14,com,O,O
14,diabetes,B-Complication,B-Complication
14,.,O,O
14,Para,O,O
14,além,O,O
14,disso,O,O
14,",",O,O
14,porém,O,O
14,",",O,O
14,elas,O,O
14,promovem,O,O
14,uma,O,O
14,mudança,O,O
14,em,O,O
14,toda,O,O
14,a,O,O
14,forma,O,O
14,de,O,O
14,se,O,O
14,relacionar,O,O
14,com,O,O
14,o,O,O
14,corpo,O,O
14,.,O,O
14,Dê,O,O
14,uma,O,O
14,chance,O,O
14,à,O,O
14,saúde,O,O
14,",",O,O
14,é,O,O
14,possível,O,O
14,controlar,O,O
14,o,O,O
14,diabetes,I-Complication,I-Complication
14,!,O,O
14,Além,O,O
14,disso,O,O
14,",",O,O
14,estão,O,O
14,disponíveis,O,O
14,gratuitamente,O,O
14,pelo,O,O
14,SUS,O,O
14,profissionais,O,O
14,como,O,O
14,psicólogos,O,O
14,e,O,O
14,nutricionista,O,O
14,que,O,O
14,também,O,O
14,podem,O,O
14,auxiliar,O,O
14,nesse,O,O
14,processo,O,O
14,!,O,O
15,O,O,O
15,amendoim,O,B-Food
15,possui,O,O
15,fibras,B-GlucoseValue,I-Food
15,de,I-GlucoseValue,O
15,baixo,I-GlucoseValue,O
15,índice,I-GlucoseValue,B-GlucoseValue
15,glicêmico,I-GlucoseValue,I-GlucoseValue
15,(,O,O
15,o,O,O
15,açúcar,O,O
15,presente,O,O
15,nele,O,O
15,é,O,O
15,absorvido,O,O
15,mais,O,O
15,lentamente,O,O
15,),O,O
15,e,O,O
15,isso,O,O
15,é,O,O
15,algo,O,O
15,positivo,O,O
15,para,O,O
15,quem,O,O
15,tem,O,O
15,diabetes,B-Complication,B-Complication
15,.,O,O
15,Mas,O,O
15,também,O,O
15,é,O,O
15,importante,O,O
15,lembrar,O,O
15,que,O,O
15,tudo,O,O
15,em,O,O
15,excesso,O,O
15,faz,O,O
15,mal,O,O
15,e,O,O
15,que,O,O
15,mais,O,O
15,importante,O,O
15,que,O,O
15,comer,O,O
15,ou,O,O
15,deixar,O,O
15,de,O,O
15,comer,O,O
15,certos,O,O
15,alimentos,O,O
15,",",O,O
15,é,O,O
15,ter,O,O
15,uma,O,O
15,dieta,B-NonMedicalTreatment,B-NonMedicalTreatment
15,balanceada,I-NonMedicalTreatment,I-NonMedicalTreatment
15,com,O,O
15,os,O,O
15,nutrientes,B-Food,B-Food
15,e,O,O
15,calorias,I-Food,I-Food
15,adequadas,O,O
15,para,O,O
15,cada,O,O
15,pessoa,O,O
15,.,O,O
15,Por,O,O
15,isso,O,O
15,",",O,O
15,é,O,O
15,ideal,O,O
15,que,O,O
15,se,O,O
15,consulte,O,O
15,com,O,O
15,um,O,O
15,nutricionista,O,O
15,(,O,O
15,que,O,O
15,estão,O,O
15,disponíveis,O,O
15,gratuitamente,O,O
15,no,O,O
15,SUS,O,O
15,),O,O
15,que,O,O
15,poderá,O,O
15,montar,O,O
15,uma,O,O
15,dieta,B-NonMedicalTreatment,B-NonMedicalTreatment
15,ideal,I-NonMedicalTreatment,I-NonMedicalTreatment
15,para,O,O
15,as,O,O
15,suas,O,O
15,necessidades,O,O
15,.,O,O
16,Esse,O,O
16,valor,O,O
16,de,O,O
16,hemoglobina,B-Test,O
16,glicada,I-Test,O
16,está,O,O
16,dentro,O,O
16,da,O,O
16,faixa,O,O
16,considerada,O,O
16,como,O,O
16,diabetes,B-Complication,B-Complication
16,.,O,O
16,No,O,O
16,entanto,O,O
16,",",O,O
16,é,O,O
16,importante,O,O
16,lembrar,O,O
16,que,O,O
16,esse,O,O
16,exame,O,O
16,deve,O,O
16,ser,O,O
16,avaliado,O,O
16,por,O,O
16,um,O,O
16,médico,O,O
16,",",O,O
16,que,O,O
16,fará,O,O
16,uma,O,O
16,análise,O,O
16,não,O,O
16,só,O,O
16,do,O,O
16,exame,O,O
16,",",O,O
16,mas,O,O
16,de,O,O
16,você,O,O
16,como,O,O
16,um,O,O
16,todo,O,O
16,.,O,O
16,O,O,O
16,médico,O,O
16,também,O,O
16,poderá,O,O
16,solicitar,O,O
16,outros,O,O
16,exames,O,O
16,para,O,O
16,confirmar,O,O
16,se,O,O
16,você,O,O
16,é,O,O
16,ou,O,O
16,não,O,O
16,diabético,O,O
16,.,O,O
17,De,O,O
17,modo,O,O
17,geral,O,O
17,",",O,O
17,no,O,O
17,tratamento,O,O
17,da,O,O
17,pessoa,O,O
17,com,O,O
17,diabetes,B-Complication,B-Complication
17,",",O,O
17,busca-se,O,O
17,atingir,O,O
17,valores,O,O
17,de,O,O
17,hemoglobina,O,O
17,glicada,O,O
17,(,O,O
17,HbA1c,O,O
17,),O,O
17,menores,O,O
17,que,O,O
17,"7,0%",O,O
17,.,O,O
17,No,O,O
17,entanto,O,O
17,",",O,O
17,essa,O,O
17,meta,O,O
17,pode,O,O
17,ser,O,O
17,alterada,O,O
17,de,O,O
17,acordo,O,O
17,com,O,O
17,algumas,O,O
17,características,O,O
17,de,O,O
17,cada,O,O
17,indivíduo,O,O
17,.,O,O
17,Nesse,O,O
17,sentido,O,O
17,",",O,O
17,o,O,O
17,médico,O,O
17,pode,O,O
17,optar,O,O
17,por,O,O
17,fazer,O,O
17,um,O,O
17,controle,O,O
17,mais,O,O
17,restrito,O,O
17,em,O,O
17,pessoas,O,O
17,jovens,O,O
17,",",O,O
17,saudáveis,O,O
17,e,O,O
17,/,O,O
17,ou,O,O
17,com,O,O
17,pouco,O,O
17,tempo,O,O
17,de,O,O
17,diabetes,B-Complication,I-Complication
17,",",O,O
17,buscando,O,O
17,um,O,O
17,valor,O,O
17,de,O,O
17,hemoglobina,O,O
17,glicada,O,O
17,(,O,O
17,HbA1c,O,O
17,),O,O
17,próximo,O,O
17,a,O,O
17,"6,5%",O,O
17,.,O,O
17,Por,O,O
17,outro,O,O
17,lado,O,O
17,",",O,O
17,pode-se,O,O
17,tolerar,O,O
17,um,O,O
17,controle,O,O
17,menos,O,O
17,restrito,O,O
17,em,O,O
17,pessoas,O,O
17,idosas,O,O
17,",",O,O
17,com,O,O
17,outros,O,O
17,problemas,O,O
17,de,O,O
17,saúde,O,O
17,e,O,O
17,/,O,O
17,ou,O,O
17,com,O,O
17,longo,O,O
17,tempo,O,O
17,de,O,O
17,diabetes,B-Complication,I-Complication
17,",",O,O
17,estabelecendo,O,O
17,metas,O,O
17,de,O,O
17,hemoglobina,O,O
17,glicada,O,O
17,(,O,O
17,HbA1c,O,O
17,),O,O
17,próximas,O,O
17,a,O,O
17,8%,O,O
17,.,O,O
17,Portanto,O,O
17,",",O,O
17,ainda,O,O
17,que,O,O
17,seu,O,O
17,exame,O,O
17,esteja,O,O
17,dentro,O,O
17,das,O,O
17,metas,O,O
17,acima,O,O
17,",",O,O
17,pode,O,O
17,ser,O,O
17,que,O,O
17,elas,O,O
17,não,O,O
17,sejam,O,O
17,as,O,O
17,mais,O,O
17,adequadas,O,O
17,para,O,O
17,você,O,O
17,",",O,O
17,por,O,O
17,isso,O,O
17,é,O,O
17,muito,O,O
17,importante,O,O
17,que,O,O
17,você,O,O
17,mantenha,O,O
17,controle,O,O
17,regular,O,O
17,com,O,O
17,um,O,O
17,médico,O,O
17,",",O,O
17,que,O,O
17,irá,O,O
17,estabelecer,O,O
17,o,O,O
17,melhor,O,O
17,tratamento,O,O
17,para,O,O
17,o,O,O
17,seu,O,O
17,caso,O,O
17,.,O,O
18,O,O,O
18,valor,O,O
18,ideal,O,O
18,da,O,O
18,glicemia,B-GlucoseValue,B-GlucoseValue
18,(,O,O
18,quantidade,B-GlucoseValue,B-GlucoseValue
18,de,I-GlucoseValue,I-GlucoseValue
18,açúcar,I-GlucoseValue,I-GlucoseValue
18,no,I-GlucoseValue,I-GlucoseValue
18,sangue,I-GlucoseValue,I-GlucoseValue
18,),O,O
18,a,O,O
18,ser,O,O
18,alcançada,O,O
18,é,O,O
18,diferente,O,O
18,para,O,O
18,cada,O,O
18,pessoa,O,O
18,.,O,O
18,As,O,O
18,metas,O,O
18,de,O,O
18,glicemia,B-GlucoseValue,B-GlucoseValue
18,são,O,O
18,feitas,O,O
18,levando-se,O,O
18,em,O,O
18,consideração,O,O
18,a,O,O
18,condição,O,O
18,geral,O,O
18,de,O,O
18,cada,O,O
18,um,O,O
18,.,O,O
18,Dessa,O,O
18,forma,O,O
18,",",O,O
18,só,O,O
18,é,O,O
18,possível,O,O
18,saber,O,O
18,se,O,O
18,a,O,O
18,glicemia,B-GlucoseValue,I-GlucoseValue
18,de,O,O
18,uma,O,O
18,pessoa,O,O
18,está,O,O
18,nos,O,O
18,níveis,O,O
18,adequados,O,O
18,após,O,O
18,ser,O,O
18,realizada,O,O
18,uma,O,O
18,avaliação,O,O
18,geral,O,O
18,da,O,O
18,saúde,O,O
18,e,O,O
18,da,O,O
18,história,O,O
18,médica,O,O
18,dessa,O,O
18,pessoa,O,O
18,.,O,O
18,Por,O,O
18,isso,O,O
18,",",O,O
18,é,O,O
18,importante,O,O
18,que,O,O
18,você,O,O
18,consulte,O,O
18,com,O,O
18,seu,O,O
18,médico,O,O
18,e,O,O
18,conte,O,O
18,o,O,O
18,que,O,O
18,está,O,O
18,acontecendo,O,O
18,.,O,O
18,De,O,O
18,maneira,O,O
18,alguma,O,O
18,deve-se,O,O
18,mudar,O,O
18,o,O,O
18,tratamento,O,O
18,sem,O,O
18,consultá-lo,O,O
18,.,O,O
19,Primeiro,O,O
19,de,O,O
19,tudo,O,O
19,",",O,O
19,é,O,O
19,importante,O,O
19,lembrar,O,O
19,que,O,O
19,não,O,O
19,se,O,O
19,deve,O,O
19,ficar,O,O
19,nenhum,O,O
19,dia,O,O
19,sem,O,O
19,a,O,O
19,medicação,O,O
19,",",O,O
19,independente,O,O
19,dos,O,O
19,níveis,B-GlucoseValue,B-GlucoseValue
19,de,I-GlucoseValue,I-GlucoseValue
19,glicose,I-GlucoseValue,I-GlucoseValue
19,no,I-GlucoseValue,I-GlucoseValue
19,sangue,I-GlucoseValue,I-GlucoseValue
19,.,O,O
19,No,O,O
19,tratamento,O,O
19,da,O,O
19,pessoa,O,O
19,com,O,O
19,diabetes,B-Complication,B-Complication
19,",",O,O
19,os,O,O
19,valores,O,O
19,ideais,O,O
19,de,O,O
19,glicose,B-GlucoseValue,B-GlucoseValue
19,no,I-GlucoseValue,I-GlucoseValue
19,sangue,I-GlucoseValue,I-GlucoseValue
19,(,O,O
19,glicemia,B-GlucoseValue,B-GlucoseValue
19,),O,O
19,dependem,O,O
19,de,O,O
19,vários,O,O
19,fatores,O,O
19,",",O,O
19,como,O,O
19,a,O,O
19,hora,O,O
19,do,O,O
19,dia,O,O
19,em,O,O
19,que,O,O
19,a,O,O
19,medida,O,O
19,é,O,O
19,feita,O,O
19,e,O,O
19,quando,O,O
19,foi,O,O
19,consumida,O,O
19,a,O,O
19,última,O,O
19,refeição,O,O
19,.,O,O
19,De,O,O
19,modo,O,O
19,geral,O,O
19,",",O,O
19,em,O,O
19,jejum,O,O
19,e,O,O
19,antes,B-Time,B-Time
19,das,I-Time,I-Time
19,refeições,I-Time,I-Time
19,",",O,O
19,a,O,O
19,glicemia,B-GlucoseValue,B-GlucoseValue
19,alvo,O,O
19,está,O,O
19,entre,B-GlucoseValue,B-GlucoseValue
19,80,I-GlucoseValue,I-GlucoseValue
19,e,I-GlucoseValue,I-GlucoseValue
19,130,I-GlucoseValue,I-GlucoseValue
19,.,O,O
19,Por,O,O
19,outro,O,O
19,lado,O,O
19,",",O,O
19,até,B-Time,B-Time
19,2,I-Time,I-Time
19,horas,I-Time,I-Time
19,depois,I-Time,I-Time
19,das,I-Time,I-Time
19,refeições,I-Time,I-Time
19,",",O,O
19,tolera-se,O,O
19,uma,O,O
19,glicemia,O,O
19,de,O,O
19,até,B-GlucoseValue,B-GlucoseValue
19,180,I-GlucoseValue,I-GlucoseValue
19,.,O,O
19,No,O,O
19,entanto,O,O
19,",",O,O
19,essa,O,O
19,meta,O,O
19,pode,O,O
19,ser,O,O
19,alterada,O,O
19,de,O,O
19,acordo,O,O
19,com,O,O
19,algumas,O,O
19,características,O,O
19,de,O,O
19,cada,O,O
19,indivíduo,O,O
19,.,O,O
19,Nesse,O,O
19,sentido,O,O
19,",",O,O
19,o,O,O
19,médico,O,O
19,pode,O,O
19,optar,O,O
19,por,O,O
19,fazer,O,O
19,um,O,O
19,controle,O,O
19,mais,O,O
19,restrito,O,O
19,em,O,O
19,pessoas,O,O
19,jovens,O,O
19,",",O,O
19,saudáveis,O,O
19,e,O,O
19,/,O,O
19,ou,O,O
19,com,O,O
19,pouco,O,O
19,tempo,O,O
19,de,O,O
19,diabetes,B-Complication,B-Complication
19,",",O,O
19,buscando,O,O
19,valores,O,O
19,de,O,O
19,glicemia,B-GlucoseValue,B-GlucoseValue
19,mais,O,O
19,baixos,O,O
19,.,O,O
19,Por,O,O
19,outro,O,O
19,lado,O,O
19,",",O,O
19,pode-se,O,O
19,tolerar,O,O
19,um,O,O
19,controle,O,O
19,menos,O,O
19,restrito,O,O
19,em,O,O
19,pessoas,O,O
19,idosas,O,O
19,",",O,O
19,com,O,O
19,outros,O,O
19,problemas,O,O
19,de,O,O
19,saúde,O,O
19,e,O,O
19,/,O,O
19,ou,O,O
19,com,O,O
19,longo,O,O
19,tempo,O,O
19,de,O,O
19,diabetes,B-Complication,B-Complication
19,",",O,O
19,estabelecendo,O,O
19,metas,O,O
19,de,O,O
19,glicemia,B-GlucoseValue,B-GlucoseValue
19,mais,O,O
19,altas,O,O
19,.,O,O
19,Portanto,O,O
19,",",O,O
19,ainda,O,O
19,que,O,O
19,seu,O,O
19,exame,O,O
19,esteja,O,O
19,dentro,O,O
19,das,O,O
19,metas,O,O
19,acima,O,O
19,",",O,O
19,pode,O,O
19,ser,O,O
19,que,O,O
19,elas,O,O
19,não,O,O
19,sejam,O,O
19,as,O,O
19,mais,O,O
19,adequadas,O,O
19,para,O,O
19,você,O,O
19,",",O,O
19,por,O,O
19,isso,O,O
19,é,O,O
19,muito,O,O
19,importante,O,O
19,que,O,O
19,você,O,O
19,mantenha,O,O
19,controle,O,O
19,regular,O,O
19,com,O,O
19,um,O,O
19,médico,O,O
19,",",O,O
19,que,O,O
19,irá,O,O
19,estabelecer,O,O
19,o,O,O
19,melhor,O,O
19,tratamento,O,O
19,para,O,O
19,o,O,O
19,seu,O,O
19,caso,O,O
19,.,O,O
20,Quando,O,O
20,nossa,O,O
20,alimentação,O,O
20,não,O,O
20,está,O,O
20,equilibrada,O,O
20,a,O,O
20,vontade,O,O
20,de,O,O
20,comer,O,O
20,doces,O,O
20,fica,O,O
20,mais,O,O
20,intensa,O,O
20,.,O,O
20,Uma,O,O
20,dieta,B-NonMedicalTreatment,B-NonMedicalTreatment
20,equilibrada,I-NonMedicalTreatment,I-NonMedicalTreatment
20,com,O,O
20,uma,O,O
20,quantidade,O,O
20,adequada,O,O
20,de,O,O
20,carboidratos,I-Food,B-Food
20,",",O,O
20,proteína,B-Food,I-Food
20,",",O,O
20,gordura,O,I-Food
20,e,O,O
20,fibras,B-Food,I-Food
20,",",O,O
20,aliada,O,O
20,a,O,O
20,prática,B-NonMedicalTreatment,B-NonMedicalTreatment
20,de,I-NonMedicalTreatment,I-NonMedicalTreatment
20,exercícios,I-NonMedicalTreatment,I-NonMedicalTreatment
20,físicos,I-NonMedicalTreatment,I-NonMedicalTreatment
20,diária,I-NonMedicalTreatment,B-Set
20,pode,O,O
20,ajudar,O,O
20,a,O,O
20,controlar,O,O
20,essa,O,O
20,vontade,O,O
20,.,O,O
20,Se,O,O
20,puder,O,O
20,seguir,O,O
20,uma,O,O
20,dieta,B-NonMedicalTreatment,B-NonMedicalTreatment
20,feita,I-NonMedicalTreatment,I-NonMedicalTreatment
20,por,I-NonMedicalTreatment,I-NonMedicalTreatment
20,um,I-NonMedicalTreatment,I-NonMedicalTreatment
20,nutricionista,I-NonMedicalTreatment,I-NonMedicalTreatment
20,",",O,O
20,melhor,O,O
20,ainda,O,O
20,!,O,O
20,Esses,O,O
20,profissionais,O,O
20,estão,O,O
20,disponíveis,O,O
20,gratuitamente,O,O
20,para,O,O
20,consultas,O,O
20,pelo,O,O
20,SUS,O,O
20,",",O,O
20,se,O,O
20,você,O,O
20,tiver,O,O
20,interesse,O,O
20,",",O,O
20,procure,O,O
20,a,O,O
20,sua,O,O
20,Unidade,O,O
20,Básica,O,O
20,de,O,O
20,Saúde,O,O
20,de,O,O
20,referência,O,O
20,para,O,O
20,obter,O,O
20,um,O,O
20,encaminhamento,O,O
20,.,O,O
21,Para,O,O
21,poder,O,O
21,utilizar,O,O
21,bomba,O,B-Insulin
21,de,O,I-Insulin
21,insulina,O,I-Insulin
21,",",O,O
21,a,O,O
21,pessoa,O,O
21,tem,O,O
21,de,O,O
21,cumprir,O,O
21,alguns,O,O
21,requisitos,O,O
21,.,O,O
21,Medir,O,O
21,a,O,O
21,glicemia,O,B-GlucoseValue
21,capilar,O,I-GlucoseValue
21,no,O,O
21,mínimo,O,O
21,4,O,B-Set
21,vezes,O,I-Set
21,por,O,I-Set
21,dia,O,I-Set
21,(,O,O
21,de,B-Dose,O
21,6,I-Dose,O
21,a,I-Dose,O
21,8,I-Dose,O
21,vezes,I-Dose,O
21,na,O,O
21,fase,O,B-Time
21,de,O,I-Time
21,ajuste,O,I-Time
21,das,O,I-Time
21,doses,O,I-Time
21,),O,O
21,",",O,O
21,ser,O,O
21,capaz,O,O
21,de,O,O
21,seguir,O,O
21,as,O,O
21,recomendações,O,O
21,médicas,O,O
21,e,O,O
21,nutricionais,O,O
21,",",O,O
21,saber,O,O
21,realizar,O,O
21,a,O,O
21,contagem,O,B-NonMedicalTreatment
21,de,O,I-NonMedicalTreatment
21,carboidratos,B-Food,I-NonMedicalTreatment
21,e,O,O
21,praticar,O,B-NonMedicalTreatment
21,atividade,B-NonMedicalTreatment,I-NonMedicalTreatment
21,física,I-NonMedicalTreatment,I-NonMedicalTreatment
21,.,O,O
21,A,O,O
21,bomba,B-Insulin,B-Insulin
21,de,I-Insulin,I-Insulin
21,insulina,I-Insulin,I-Insulin
21,não,O,O
21,é,O,O
21,indicada,O,O
21,para,O,O
21,pessoas,O,O
21,com,O,O
21,história,B-Complication,O
21,prévia,I-Complication,O
21,de,I-Complication,O
21,bulimia,I-Complication,O
21,.,O,O
21,Também,O,O
21,deve,O,O
21,se,O,O
21,levar,O,O
21,em,O,O
21,consideração,O,O
21,os,O,O
21,custos,O,O
21,financeiros,O,O
21,da,O,O
21,utilização,O,O
21,desse,O,O
21,aparelho,O,O
21,.,O,O
22,A,O,O
22,detecção,B-Symptom,O
22,das,I-Symptom,O
22,neuropatias,I-Symptom,B-Complication
22,",",O,O
22,na,O,O
22,grande,O,O
22,maioria,O,O
22,das,O,O
22,vezes,O,O
22,",",O,O
22,é,O,O
22,feita,O,O
22,dentro,O,O
22,do,O,O
22,consultório,O,O
22,médico,O,O
22,",",O,O
22,sem,O,O
22,a,O,O
22,necessidade,O,O
22,de,O,O
22,se,O,O
22,fazer,O,O
22,exames,O,O
22,extras,O,O
22,(,O,O
22,como,O,O
22,o,O,O
22,estudo,O,B-Test
22,das,O,I-Test
22,fibras,O,I-Test
22,nervosas,O,I-Test
22,",",O,O
22,chamado,O,O
22,de,O,O
22,eletroneuromiografia,O,B-Test
22,),O,O
22,.,O,O
22,O,O,O
22,médico,O,O
22,que,O,O
22,faz,O,O
22,seu,O,O
22,acompanhamento,O,O
22,pode,O,O
22,detectar,O,O
22,a,O,O
22,neuropatia,B-Complication,B-Complication
22,por,O,O
22,meio,O,O
22,de,O,O
22,perguntas,O,O
22,e,O,O
22,de,O,O
22,alguns,O,O
22,testes,O,O
22,realizados,O,O
22,ao,O,O
22,te,O,O
22,examinar,O,O
22,.,O,O
22,Lembrando,O,O
22,que,O,O
22,é,O,O
22,importante,O,O
22,que,O,O
22,uma,O,B-Set
22,vez,O,I-Set
22,por,O,I-Set
22,ano,O,I-Set
22,esse,O,O
22,médico,O,O
22,procure,O,O
22,por,O,O
22,sinais,O,O
22,de,O,O
22,neuropatia,B-Complication,B-Complication
22,.,O,O
23,A,O,O
23,Sociedade,O,O
23,Brasileira,O,O
23,de,O,O
23,Diabetes,O,O
23,recomenda,O,O
23,que,O,O
23,adultos,O,O
23,com,O,O
23,diabetes,B-Complication,B-Complication
23,realizem,O,O
23,no,O,O
23,mínimo,O,O
23,150,B-Duration,B-Duration
23,minutos,I-Duration,I-Duration
23,de,O,O
23,atividades,B-NonMedicalTreatment,B-NonMedicalTreatment
23,físicas,I-NonMedicalTreatment,I-NonMedicalTreatment
23,por,O,O
23,semana,O,O
23,.,O,O
23,Estes,O,O
23,150,B-Duration,B-Duration
23,minutos,I-Duration,I-Duration
23,podem,O,O
23,ser,O,O
23,divididos,O,O
23,em,O,O
23,no,O,O
23,mínimo,O,O
23,3,O,O
23,dias,O,O
23,da,O,O
23,semana,O,O
23,",",O,O
23,sem,O,O
23,ficar,O,O
23,mais,O,O
23,de,O,O
23,2,O,O
23,dias,O,O
23,seguidos,O,O
23,sem,O,O
23,se,O,O
23,exercitar,O,O
23,.,O,O
23,Essa,O,O
23,recomendação,O,O
23,",",O,O
23,no,O,O
23,entanto,O,O
23,",",O,O
23,só,O,O
23,vale,O,O
23,para,O,O
23,quem,O,O
23,não,O,O
23,tiver,O,O
23,nenhum,O,O
23,impedimento,O,O
23,de,O,O
23,realizar,O,O
23,atividades,B-NonMedicalTreatment,B-NonMedicalTreatment
23,físicas,I-NonMedicalTreatment,I-NonMedicalTreatment
23,.,O,O
23,_,O,O
23,_,O,O
23,Antes,O,O
23,de,O,O
23,começar,O,O
23,a,O,O
23,realizar,O,O
23,qualquer,O,O
23,atividade,B-NonMedicalTreatment,B-NonMedicalTreatment
23,física,I-NonMedicalTreatment,I-NonMedicalTreatment
23,",",O,O
23,é,O,O
23,importante,O,O
23,conversar,O,O
23,com,O,O
23,o,O,O
23,seu,O,O
23,médico,O,O
23,.,O,O
23,Ele,O,O
23,irá,O,O
23,avaliar,O,O
23,o,O,O
23,seu,O,O
23,caso,O,O
23,e,O,O
23,dizer,O,O
23,se,O,O
23,existe,O,O
23,alguma,O,O
23,limitação,O,O
23,em,O,O
23,relação,O,O
23,aos,O,O
23,exercícios,O,B-NonMedicalTreatment
23,que,O,O
23,você,O,O
23,deseja,O,O
23,praticar,O,O
23,.,O,O
23,Se,O,O
23,não,O,O
23,existir,O,O
23,",",O,O
23,você,O,O
23,pode,O,O
23,realizar,O,O
23,a,O,O
23,atividade,O,B-NonMedicalTreatment
23,física,O,I-NonMedicalTreatment
23,que,O,O
23,você,O,O
23,mais,O,O
23,goste,O,O
23,!,O,O
24,Esses,O,O
24,sintomas,O,O
24,que,O,O
24,você,O,O
24,está,O,O
24,no,O,O
24,contando,O,O
24,podem,O,O
24,ser,O,O
24,provocados,O,O
24,pela,O,O
24,neuropatia,B-Complication,B-Complication
24,diabética,I-Complication,I-Complication
24,.,O,O
24,Essa,O,O
24,complicação,O,O
24,pode,O,O
24,aparecer,O,O
24,sob,O,O
24,várias,O,O
24,formas,O,O
24,",",O,O
24,sendo,O,O
24,que,O,O
24,a,O,O
24,mais,O,O
24,comum,O,O
24,se,O,O
24,chama,O,O
24,polineuropatia,B-Complication,B-Complication
24,sensitiva,I-Complication,I-Complication
24,distal,I-Complication,I-Complication
24,.,O,O
24,Esse,O,O
24,tipo,O,O
24,de,O,O
24,neuropatia,B-Complication,B-Complication
24,costuma,O,O
24,atingir,O,O
24,os,O,O
24,membros,O,O
24,(,O,O
24,pés,O,O
24,",",O,O
24,pernas,O,O
24,",",O,O
24,mãos,O,O
24,e,O,O
24,braços,O,O
24,),O,O
24,",",O,O
24,iniciando,O,O
24,com,O,O
24,os,O,O
24,sintomas,O,O
24,de,O,O
24,dor,B-Symptom,B-Symptom
24,em,I-Symptom,I-Symptom
24,queimação,I-Symptom,I-Symptom
24,e,O,O
24,",",O,O
24,com,O,O
24,a,O,O
24,piora,O,O
24,",",O,O
24,evolui,O,O
24,para,O,O
24,perda,B-Complication,B-Complication
24,da,I-Complication,I-Complication
24,sensibilidade,I-Complication,I-Complication
24,(,O,O
24,dificuldade,B-Complication,B-Complication
24,de,I-Complication,I-Complication
24,sentir,I-Complication,I-Complication
24,o,I-Complication,I-Complication
24,toque,I-Complication,I-Complication
24,),O,O
24,.,O,O
24,O,O,O
24,primeiro,O,O
24,passo,O,O
24,no,O,O
24,tratamento,O,O
24,da,O,O
24,neuropatia,B-Complication,B-Complication
24,é,O,O
24,controlar,O,O
24,a,O,O
24,quantidade,B-GlucoseValue,B-GlucoseValue
24,de,I-GlucoseValue,I-GlucoseValue
24,açúcar,I-GlucoseValue,I-GlucoseValue
24,no,I-GlucoseValue,I-GlucoseValue
24,sangue,I-GlucoseValue,I-GlucoseValue
24,(,O,O
24,glicemia,B-GlucoseValue,B-GlucoseValue
24,),O,O
24,e,O,O
24,impedir,O,O
24,o,O,O
24,avanço,O,O
24,da,O,O
24,neuropatia,B-Complication,B-Complication
24,.,O,O
24,É,O,O
24,preciso,O,O
24,também,O,O
24,ter,O,O
24,muito,O,O
24,cuidado,O,O
24,com,O,O
24,os,O,O
24,pés,O,O
24,:,O,O
24,não,B-NonMedicalTreatment,B-NonMedicalTreatment
24,ficar,I-NonMedicalTreatment,I-NonMedicalTreatment
24,descalço,I-NonMedicalTreatment,I-NonMedicalTreatment
24,",",O,O
24,evitar,B-NonMedicalTreatment,B-NonMedicalTreatment
24,sapatos,I-NonMedicalTreatment,I-NonMedicalTreatment
24,de,I-NonMedicalTreatment,I-NonMedicalTreatment
24,bico,I-NonMedicalTreatment,I-NonMedicalTreatment
24,apertado,I-NonMedicalTreatment,I-NonMedicalTreatment
24,",",O,O
24,utilizar,B-NonMedicalTreatment,B-NonMedicalTreatment
24,tênis,I-NonMedicalTreatment,I-NonMedicalTreatment
24,confortáveis,I-NonMedicalTreatment,I-NonMedicalTreatment
24,e,O,O
24,dar,O,O
24,sempre,O,O
24,uma,O,O
24,olhada,O,O
24,no,O,O
24,pé,O,O
24,todo,O,O
24,em,O,O
24,busca,O,O
24,de,O,O
24,feridas,B-Complication,B-Complication
24,ou,O,O
24,infecções,I-Complication,I-Complication
24,.,O,O
24,Se,O,O
24,você,O,O
24,já,O,O
24,possui,O,O
24,alguma,O,O
24,ferida,B-Complication,I-Complication
24,ou,O,O
24,dor,B-Symptom,B-Symptom
24,crônica,I-Symptom,I-Symptom
24,existem,O,O
24,tratamentos,B-Medication,B-Medication
24,farmacológicos,I-Medication,I-Medication
24,(,O,O
24,remédios,O,O
24,),O,O
24,que,O,O
24,podem,O,O
24,auxiliar,O,O
24,no,O,O
24,controle,O,O
24,da,O,O
24,dor,B-Symptom,B-Symptom
24,",",O,O
24,mas,O,O
24,que,O,O
24,devem,O,O
24,ser,O,O
24,prescritos,O,O
24,pelo,O,O
24,médico,O,O
24,que,O,O
24,faz,O,O
24,o,O,O
24,seu,O,O
24,acompanhamento,O,O
24,.,O,O
25,Entender,O,O
25,o,O,O
25,resultado,O,O
25,dos,O,O
25,exames,O,O
25,que,O,O
25,confirmam,O,O
25,se,O,O
25,uma,O,O
25,pessoa,O,O
25,tem,O,O
25,ou,O,O
25,não,O,O
25,tem,O,O
25,diabetes,B-Complication,B-Complication
25,não,O,O
25,é,O,O
25,fácil,O,O
25,para,O,O
25,quem,O,O
25,não,O,O
25,está,O,O
25,acostumado,O,O
25,com,O,O
25,esse,O,O
25,tipo,O,O
25,de,O,O
25,exame,O,O
25,.,O,O
25,Os,O,O
25,principais,O,O
25,testes,O,O
25,que,O,O
25,fazemos,O,O
25,para,O,O
25,confirmar,O,O
25,ou,O,O
25,descartar,O,O
25,o,O,O
25,diabetes,I-Complication,I-Complication
25,são,O,O
25,a,O,O
25,medição,B-Test,B-Test
25,da,I-Test,I-Test
25,glicemia,I-Test,I-Test
25,em,I-Test,I-Test
25,jejum,I-Test,I-Test
25,",",O,O
25,a,O,O
25,medição,B-Test,B-Test
25,da,I-Test,I-Test
25,hemoglobina,I-Test,I-Test
25,glicada,I-Test,I-Test
25,e,O,O
25,o,O,O
25,teste,B-Test,B-Test
25,oral,I-Test,I-Test
25,de,I-Test,I-Test
25,tolerância,I-Test,I-Test
25,à,I-Test,I-Test
25,glicose,I-Test,I-Test
25,.,O,O
25,Mas,O,O
25,nem,O,O
25,sempre,O,O
25,é,O,O
25,necessário,O,O
25,fazer,O,O
25,esses,O,O
25,três,O,O
25,exames,O,O
25,para,O,O
25,receber,O,O
25,a,O,O
25,confirmação,O,O
25,.,O,O
25,No,O,O
25,caso,O,O
25,de,O,O
25,uma,O,O
25,glicemia,O,B-GlucoseValue
25,de,O,I-GlucoseValue
25,jejum,O,I-GlucoseValue
25,alterada,O,O
25,",",O,O
25,que,O,O
25,é,O,O
25,o,O,O
25,seu,O,O
25,caso,O,O
25,",",O,O
25,deve-se,O,O
25,realizar,O,O
25,mais,O,O
25,um,O,O
25,exame,O,O
25,",",O,O
25,que,O,O
25,confirma,O,O
25,o,O,O
25,diabetes,B-Complication,B-Complication
25,",",O,O
25,caso,O,O
25,venha,O,O
25,alterado,O,O
25,.,O,O
25,É,O,O
25,importante,O,O
25,confiar,O,O
25,na,O,O
25,palavra,O,O
25,do,O,O
25,seu,O,O
25,médico,O,O
25,em,O,O
25,relação,O,O
25,ao,O,O
25,diagnóstico,O,O
25,e,O,O
25,seguir,O,O
25,as,O,O
25,recomendações,O,O
25,dele,O,O
25,para,O,O
25,tratar,O,O
25,e,O,O
25,controlar,O,O
25,o,O,O
25,diabetes,B-Complication,I-Complication
25,de,O,O
25,forma,O,O
25,correta,O,O
25,.,O,O
26,Isso,O,O
26,que,O,O
26,você,O,O
26,está,O,O
26,nos,O,O
26,contando,O,O
26,pode,O,O
26,ser,O,O
26,uma,O,O
26,complicação,O,O
26,do,O,O
26,diabetes,B-Complication,B-Complication
26,chamada,O,O
26,de,O,O
26,hipoglicemia,B-Complication,I-Complication
26,",",O,O
26,que,O,O
26,ocorre,O,O
26,quando,O,O
26,tem,O,O
26,muito,B-GlucoseValue,B-GlucoseValue
26,pouco,I-GlucoseValue,I-GlucoseValue
26,açúcar,I-GlucoseValue,I-GlucoseValue
26,no,I-GlucoseValue,I-GlucoseValue
26,sangue,I-GlucoseValue,I-GlucoseValue
26,.,O,O
26,Pode,O,O
26,ser,O,O
26,muito,O,O
26,grave,O,O
26,e,O,O
26,por,O,O
26,isso,O,O
26,é,O,O
26,muito,O,O
26,importante,O,O
26,que,O,O
26,você,O,O
26,procure,O,O
26,um,O,O
26,médico,O,O
26,o,O,O
26,quanto,O,O
26,antes,O,O
26,para,O,O
26,ele,O,O
26,ver,O,O
26,se,O,O
26,é,O,O
26,necessário,O,O
26,fazer,O,O
26,mudanças,O,O
26,no,O,O
26,seu,O,O
26,tratamento,O,O
26,.,O,O
26,Fique,O,O
26,atento,O,O
26,aos,O,O
26,principais,O,O
26,sintomas,O,O
26,da,O,O
26,hipoglicemia,B-Complication,B-Complication
26,:,O,O
26,suor,B-Symptom,B-Symptom
26,intenso,I-Symptom,I-Symptom
26,",",O,O
26,fome,B-Symptom,B-Symptom
26,",",O,O
26,tremedeira,I-Symptom,I-Symptom
26,",",O,O
26,fraqueza,I-Symptom,I-Symptom
26,",",O,O
26,palpitação,I-Symptom,I-Symptom
26,",",O,O
26,coração,B-Symptom,B-Symptom
26,batendo,I-Symptom,I-Symptom
26,mais,I-Symptom,I-Symptom
26,rápido,I-Symptom,I-Symptom
26,",",O,O
26,ansiedade,B-Symptom,B-Symptom
26,/,O,O
26,agitação,I-Symptom,I-Symptom
26,",",O,O
26,confusão,B-Symptom,B-Symptom
26,mental,I-Symptom,I-Symptom
26,e,O,O
26,cefaléia,B-Symptom,B-Symptom
26,(,O,O
26,dor,B-Symptom,B-Symptom
26,de,I-Symptom,I-Symptom
26,cabeça,I-Symptom,I-Symptom
26,),O,O
26,.,O,O
27,A,O,O
27,"""",O,O
27,má,B-Complication,B-Complication
27,circulação,I-Complication,I-Complication
27,"""",O,O
27,pode,O,O
27,ser,O,O
27,uma,O,O
27,consequência,O,O
27,da,O,O
27,vasculopatia,B-Complication,B-Complication
27,diabética,I-Complication,I-Complication
27,",",O,O
27,que,O,O
27,é,O,O
27,uma,O,O
27,complicação,O,O
27,que,O,O
27,aparece,O,O
27,quando,O,O
27,o,O,O
27,diabetes,B-Complication,B-Complication
27,não,O,O
27,está,O,O
27,bem,O,O
27,controlado,O,O
27,.,O,O
27,Quantidades,B-GlucoseValue,B-GlucoseValue
27,muito,I-GlucoseValue,I-GlucoseValue
27,altas,I-GlucoseValue,I-GlucoseValue
27,de,I-GlucoseValue,I-GlucoseValue
27,açúcar,I-GlucoseValue,I-GlucoseValue
27,no,I-GlucoseValue,I-GlucoseValue
27,sangue,I-GlucoseValue,I-GlucoseValue
27,podem,O,O
27,levar,O,O
27,a,O,O
27,uma,O,O
27,piora,B-Complication,B-Complication
27,da,I-Complication,I-Complication
27,circulação,I-Complication,I-Complication
27,sanguínea,I-Complication,I-Complication
27,",",O,O
27,prejudicando,O,O
27,várias,O,O
27,veias,O,O
27,e,O,O
27,artérias,O,O
27,pelo,O,O
27,corpo,O,O
27,",",O,O
27,incluindo,O,O
27,aquelas,O,O
27,que,O,O
27,ficam,O,O
27,nos,O,O
27,pés,O,O
27,.,O,O
27,Há,O,O
27,várias,O,O
27,medidas,O,O
27,que,O,O
27,podem,O,O
27,ser,O,O
27,tomadas,O,O
27,para,O,O
27,evitar,O,O
27,essa,O,O
27,complicação,O,O
27,",",O,O
27,sendo,O,O
27,as,O,O
27,principais,O,O
27,:,O,O
27,controlar,O,O
27,a,O,O
27,quantidade,B-GlucoseValue,O
27,de,I-GlucoseValue,O
27,açúcar,I-GlucoseValue,O
27,no,I-GlucoseValue,O
27,sangue,I-GlucoseValue,O
27,",",O,O
27,usar,B-NonMedicalTreatment,B-NonMedicalTreatment
27,sapatos,I-NonMedicalTreatment,I-NonMedicalTreatment
27,fechados,I-NonMedicalTreatment,I-NonMedicalTreatment
27,e,I-NonMedicalTreatment,I-NonMedicalTreatment
27,confortáveis,I-NonMedicalTreatment,I-NonMedicalTreatment
27,",",O,O
27,evitar,B-NonMedicalTreatment,B-NonMedicalTreatment
27,sandálias,I-NonMedicalTreatment,I-NonMedicalTreatment
27,de,I-NonMedicalTreatment,I-NonMedicalTreatment
27,dedo,I-NonMedicalTreatment,I-NonMedicalTreatment
27,",",O,O
27,usar,B-NonMedicalTreatment,B-NonMedicalTreatment
27,hidratantes,I-NonMedicalTreatment,I-NonMedicalTreatment
27,(,O,O
27,não,O,O
27,passar,O,O
27,entre,O,O
27,os,O,O
27,dedos,O,O
27,dos,O,O
27,pés,O,O
27,),O,O
27,e,O,O
27,frequentemente,O,O
27,dar,B-NonMedicalTreatment,B-NonMedicalTreatment
27,uma,I-NonMedicalTreatment,I-NonMedicalTreatment
27,boa,I-NonMedicalTreatment,I-NonMedicalTreatment
27,olhada,I-NonMedicalTreatment,I-NonMedicalTreatment
27,nos,I-NonMedicalTreatment,I-NonMedicalTreatment
27,seus,I-NonMedicalTreatment,I-NonMedicalTreatment
27,pés,I-NonMedicalTreatment,I-NonMedicalTreatment
27,",",O,O
27,para,O,O
27,ver,O,O
27,se,O,O
27,há,O,O
27,alguma,O,O
27,ferida,B-Complication,B-Complication
27,neles,O,O
27,.,O,O
27,_,O,O
27,_,O,O
27,De,O,O
27,qualquer,O,O
27,forma,O,O
27,",",O,O
27,é,O,O
27,muito,O,O
27,importante,O,O
27,que,O,O
27,você,O,O
27,converse,O,O
27,com,O,O
27,seu,O,O
27,médico,O,O
27,sobre,O,O
27,esse,O,O
27,problema,O,O
27,.,O,O
27,Problemas,O,O
27,sérios,O,O
27,",",O,O
27,como,O,O
27,a,O,O
27,má,B-Complication,B-Complication
27,circulação,I-Complication,I-Complication
27,",",O,O
27,não,O,O
27,devem,O,O
27,ser,O,O
27,tratados,O,O
27,sem,O,O
27,a,O,O
27,orientação,O,O
27,de,O,O
27,um,O,O
27,profissional,O,O
27,.,O,O
28,No,O,O
28,tratamento,O,O
28,da,O,O
28,pessoa,O,O
28,com,O,O
28,diabetes,B-Complication,B-Complication
28,",",O,O
28,os,O,O
28,valores,O,B-GlucoseValue
28,ideais,O,I-GlucoseValue
28,de,O,I-GlucoseValue
28,glicose,B-GlucoseValue,I-GlucoseValue
28,no,I-GlucoseValue,I-GlucoseValue
28,sangue,I-GlucoseValue,I-GlucoseValue
28,(,O,B-GlucoseValue
28,glicemia,B-GlucoseValue,I-GlucoseValue
28,),O,O
28,dependem,O,O
28,de,O,O
28,vários,O,O
28,fatores,O,O
28,",",O,O
28,como,O,O
28,a,O,O
28,hora,O,O
28,do,O,O
28,dia,O,O
28,em,O,O
28,que,O,O
28,a,O,O
28,medida,O,O
28,é,O,O
28,feita,O,O
28,e,O,O
28,quando,O,O
28,foi,O,O
28,consumida,O,O
28,a,O,O
28,última,O,O
28,refeição,O,O
28,.,O,O
28,De,O,O
28,modo,O,O
28,geral,O,O
28,",",O,O
28,em,O,O
28,jejum,O,O
28,e,O,O
28,antes,B-Time,B-Time
28,das,I-Time,I-Time
28,refeições,I-Time,I-Time
28,",",O,O
28,a,O,O
28,glicemia,B-GlucoseValue,B-GlucoseValue
28,alvo,O,O
28,está,O,O
28,entre,B-GlucoseValue,B-GlucoseValue
28,80,I-GlucoseValue,I-GlucoseValue
28,e,I-GlucoseValue,I-GlucoseValue
28,130,I-GlucoseValue,I-GlucoseValue
28,.,O,O
28,Por,O,O
28,outro,O,O
28,lado,O,O
28,",",O,O
28,até,B-Time,O
28,2,I-Time,B-Time
28,horas,I-Time,I-Time
28,depois,I-Time,I-Time
28,das,I-Time,I-Time
28,refeições,I-Time,I-Time
28,",",O,O
28,tolera-se,O,O
28,uma,O,O
28,glicemia,O,B-GlucoseValue
28,de,O,O
28,até,B-GlucoseValue,O
28,180,I-GlucoseValue,I-GlucoseValue
28,.,O,O
28,No,O,O
28,entanto,O,O
28,",",O,O
28,essa,O,O
28,meta,O,O
28,pode,O,O
28,ser,O,O
28,alterada,O,O
28,de,O,O
28,acordo,O,O
28,com,O,O
28,algumas,O,O
28,características,O,O
28,de,O,O
28,cada,O,O
28,indivíduo,O,O
28,.,O,O
28,Nesse,O,O
28,sentido,O,O
28,",",O,O
28,o,O,O
28,médico,O,O
28,pode,O,O
28,optar,O,O
28,por,O,O
28,fazer,O,O
28,um,O,O
28,controle,O,O
28,mais,O,O
28,restrito,O,O
28,em,O,O
28,pessoas,O,O
28,jovens,O,O
28,",",O,O
28,saudáveis,O,O
28,e,O,O
28,/,O,O
28,ou,O,O
28,com,O,O
28,pouco,O,O
28,tempo,O,O
28,de,O,O
28,diabetes,B-Complication,B-Complication
28,",",O,O
28,buscando,O,O
28,valores,O,B-GlucoseValue
28,de,O,I-GlucoseValue
28,glicemia,B-GlucoseValue,I-GlucoseValue
28,mais,O,I-GlucoseValue
28,baixos,O,I-GlucoseValue
28,.,O,O
28,Por,O,O
28,outro,O,O
28,lado,O,O
28,",",O,O
28,pode-se,O,O
28,tolerar,O,O
28,um,O,O
28,controle,O,O
28,menos,O,O
28,restrito,O,O
28,em,O,O
28,pessoas,O,O
28,idosas,O,O
28,",",O,O
28,com,O,O
28,outros,O,O
28,problemas,O,O
28,de,O,O
28,saúde,O,O
28,e,O,O
28,/,O,O
28,ou,O,O
28,com,O,O
28,longo,O,O
28,tempo,O,O
28,de,O,O
28,diabetes,B-Complication,B-Complication
28,",",O,O
28,estabelecendo,O,O
28,metas,O,B-GlucoseValue
28,de,O,I-GlucoseValue
28,glicemia,B-GlucoseValue,I-GlucoseValue
28,mais,O,I-GlucoseValue
28,altas,O,I-GlucoseValue
28,.,O,O
28,Portanto,O,O
28,",",O,O
28,ainda,O,O
28,que,O,O
28,seu,O,O
28,exame,O,O
28,esteja,O,O
28,dentro,O,O
28,das,O,O
28,metas,O,O
28,acima,O,O
28,",",O,O
28,pode,O,O
28,ser,O,O
28,que,O,O
28,elas,O,O
28,não,O,O
28,sejam,O,O
28,as,O,O
28,mais,O,O
28,adequadas,O,O
28,para,O,O
28,você,O,O
28,",",O,O
28,por,O,O
28,isso,O,O
28,é,O,O
28,muito,O,O
28,importante,O,O
28,que,O,O
28,você,O,O
28,mantenha,O,O
28,controle,O,O
28,regular,O,O
28,com,O,O
28,um,O,O
28,médico,O,O
28,",",O,O
28,que,O,O
28,irá,O,O
28,estabelecer,O,O
28,o,O,O
28,melhor,O,O
28,tratamento,O,O
28,para,O,O
28,o,O,O
28,seu,O,O
28,caso,O,O
28,.,O,O
29,A,O,O
29,pele,O,O
29,dos,O,O
29,pés,O,O
29,de,O,O
29,pessoas,O,O
29,com,O,O
29,diabetes,O,B-Complication
29,costuma,O,O
29,ficar,O,O
29,ressecada,O,O
29,.,O,O
29,Por,O,O
29,causa,O,O
29,disso,O,O
29,",",O,O
29,feridas,B-Complication,I-Complication
29,e,O,O
29,rachaduras,O,B-Symptom
29,começam,O,O
29,a,O,O
29,aparecer,O,O
29,nessa,O,O
29,região,O,O
29,.,O,O
29,O,O,O
29,ressecamento,O,I-Symptom
29,ocorre,O,O
29,porque,O,O
29,os,O,O
29,nervos,O,O
29,que,O,O
29,controlam,O,O
29,a,O,O
29,umidade,O,O
29,e,O,O
29,a,O,O
29,produção,O,O
29,de,O,O
29,oléo,O,O
29,ficam,O,O
29,danificados,O,O
29,.,O,O
29,Para,O,O
29,evitar,O,O
29,que,O,O
29,a,O,O
29,pele,O,O
29,dos,O,O
29,pés,O,O
29,fique,O,O
29,recessada,O,O
29,",",O,O
29,é,O,O
29,muito,O,O
29,importante,O,O
29,passar,O,B-NonMedicalTreatment
29,creme,B-Food,I-NonMedicalTreatment
29,hidratante,I-Food,I-NonMedicalTreatment
29,",",O,O
29,tendo,O,O
29,o,O,O
29,cuidado,O,O
29,de,O,O
29,não,O,O
29,deixar,O,O
29,a,O,O
29,região,O,O
29,muito,O,O
29,úmida,O,O
29,para,O,O
29,não,O,O
29,favorecer,O,O
29,o,O,O
29,crescimento,O,O
29,de,O,O
29,micro-organismos,O,O
29,.,O,O
