id;token;pred_tag;true_tag
0;A;O;O
0;escolha;O;O
0;da;O;O
0;medicação;O;O
0;depende;O;O
0;do;O;O
0;avanço;O;O
0;do;O;O
0;seu;O;O
0;diabetes;B-Complication;O
0;e;O;O
0;de;O;O
0;outros;O;O
0;medicamentos;O;O
0;que;O;O
0;você;O;O
0;possa;O;O
0;estar;O;O
0;tomando;O;O
0;.;O;O
0;Seu;O;O
0;médico;O;O
0;pode;O;O
0;escolher;O;O
0;um;O;O
0;meglitinida;O;B-Medication
0;,;O;O
0;como;O;O
0;Prandin;O;I-Medication
0;,;O;O
0;ou;O;O
0;um;O;O
0;inibidor;O;B-Medication
0;da;O;I-Medication
0;alfa-glucosidase;O;I-Medication
0;,;O;O
0;como;O;O
0;Precose;O;B-Medication
0;.;O;O
0;A;O;O
0;insulina;O;B-Insulin
0;seria;O;O
0;outra;O;O
0;opção;O;O
0;.;O;O
0;Sempre;O;O
0;existem;O;O
0;outros;O;O
0;remédios;O;O
0;e;O;O
0;mais;O;O
0;novos;B-NonMedicalTreatment;O
0;sendo;I-NonMedicalTreatment;O
0;desenvolvidos;I-NonMedicalTreatment;O
0;.;O;O
0;Alguns;O;O
0;médicos;O;O
0;mantêm;O;O
0;seus;O;O
0;pacientes;O;O
0;em;O;O
0;uso;O;O
0;de;O;O
0;metformina;B-Medication;B-Medication
0;se;O;O
0;os;O;O
0;exames;O;O
0;não;O;O
0;estiverem;O;O
0;muito;O;O
0;irregulares;O;O
0;.;O;O
0;Se;O;O
0;seus;O;O
0;números;O;O
0;não;O;O
0;forem;O;O
0;muito;O;O
0;altos;O;O
0;e;O;O
0;você;O;O
0;estiver;O;O
0;saudável;O;O
0;,;O;O
0;pode;O;O
0;ser;O;O
0;que;O;O
0;seu;O;O
0;médico;O;O
0;não;O;O
0;te;O;O
0;receite;O;O
0;medicamentos;O;O
0;.;O;O
0;Se;O;O
0;esse;O;O
0;for;O;O
0;o;O;O
0;caso;O;O
0;,;O;O
0;concentre-se;O;O
0;nas;O;O
0;mudanças;O;O
0;do;O;O
0;estilo;O;O
0;de;O;O
0;vida;O;O
0;,;O;O
0;como;O;O
0;alimentação;B-NonMedicalTreatment;B-NonMedicalTreatment
0;saudável;I-NonMedicalTreatment;I-NonMedicalTreatment
0;e;I-NonMedicalTreatment;O
0;exercícios;I-NonMedicalTreatment;B-NonMedicalTreatment
0;físicos;I-NonMedicalTreatment;I-NonMedicalTreatment
0;.;O;O
0;Perder;O;B-NonMedicalTreatment
0;gordura;O;I-NonMedicalTreatment
0;corporal;O;I-NonMedicalTreatment
0;,;O;O
0;se;O;O
0;necessário;O;O
0;,;O;O
0;pode;O;O
0;ajudar;O;O
0;a;O;O
0;controlar;O;O
0;o;O;O
0;diabetes;B-Complication;O
0;.;O;O
1;O;O;O
1;tipo;O;O
1;de;O;O
1;efeito;O;O
1;colateral;O;O
1;varia;O;O
1;com;O;O
1;o;O;O
1;medicamento;O;O
1;em;O;O
1;uso;O;O
1;.;O;O
1;Por;O;O
1;exemplo;O;O
1;,;O;O
1;os;O;O
1;remédios;O;O
1;que;O;O
1;aumentam;O;O
1;a;O;O
1;liberação;O;O
1;de;O;O
1;insulina;O;O
1;podem;O;O
1;provocar;O;O
1;quadros;O;O
1;de;O;O
1;hipoglicemia;B-Complication;B-Complication
1;caso;O;O
1;a;O;O
1;dose;O;O
1;não;O;O
1;esteja;O;O
1;bem;O;O
1;ajustada;O;O
1;.;O;O
1;No;O;O
1;caso;O;O
1;do;O;O
1;Trulicity;O;B-Medication
1;(;O;O
1;Dulaglutida;O;I-Medication
1;);O;O
1;os;O;O
1;efeitos;O;O
1;colaterais;O;O
1;podem;O;O
1;se;O;O
1;apresentar;O;O
1;como;O;O
1;reações;B-Complication;O
1;locais;I-Complication;O
1;no;O;O
1;lugar;O;O
1;da;O;O
1;aplicação;O;O
1;do;O;O
1;remédio;O;O
1;,;O;O
1;enjoos;O;B-Symptom
1;,;O;O
1;náuseas;O;I-Symptom
1;,;O;O
1;dentre;O;O
1;outros;O;O
1;.;O;O
1;É;O;O
1;muito;O;O
1;importante;O;O
1;relatar;O;O
1;qualquer;O;O
1;efeito;O;O
1;que;O;O
1;apareça;O;O
1;ao;O;O
1;seu;O;O
1;médico;O;O
1;,;O;O
1;para;O;O
1;,;O;O
1;se;O;O
1;necessário;O;O
1;,;O;O
1;ajustar;O;O
1;o;O;O
1;medicamento;O;O
1;.;O;O
2;A;O;O
2;maioria;O;O
2;das;O;O
2;pessoas;O;O
2;com;O;O
2;diabetes;B-Complication;B-Complication
2;bem;O;O
2;controlado;O;O
2;e;O;O
2;que;O;O
2;não;O;O
2;tomam;O;O
2;nenhum;O;O
2;medicamento;O;O
2;precisa;O;O
2;verificar;O;O
2;o;O;O
2;açúcar;B-GlucoseValue;B-GlucoseValue
2;no;I-GlucoseValue;I-GlucoseValue
2;sangue;I-GlucoseValue;I-GlucoseValue
2;apenas;O;O
2;duas;O;B-Set
2;a;O;I-Set
2;três;O;I-Set
2;vezes;O;I-Set
2;por;O;I-Set
2;semana;O;I-Set
2;.;O;O
2;O;O;O
2;monitoramento;B-Symptom;O
2;de;I-Symptom;O
2;2;I-Symptom;B-Set
2;a;O;I-Set
2;4;O;I-Set
2;vezes;O;I-Set
2;por;O;I-Set
2;dia;O;I-Set
2;é;O;O
2;necessário;O;O
2;para;O;O
2;a;O;O
2;maioria;O;O
2;dos;O;O
2;indivíduos;O;O
2;com;O;O
2;diabetes;B-Complication;B-Complication
2;,;O;O
2;a;O;O
2;fim;O;O
2;de;O;O
2;acompanhar;O;O
2;as;O;O
2;alterações;O;O
2;que;O;O
2;possam;O;O
2;ocorrer;O;O
2;.;O;O
2;Pessoas;O;O
2;com;O;O
2;diabetes;B-Complication;I-Complication
2;que;O;O
2;estão;O;O
2;doentes;O;O
2;,;O;O
2;com;O;O
2;mais;O;O
2;de;O;O
2;duas;O;O
2;doses;O;O
2;de;O;O
2;insulina;O;O
2;por;O;O
2;dia;O;O
2;ou;O;O
2;grávidas;O;O
2;podem;O;O
2;precisar;O;O
2;verificar;O;B-Test
2;a;O;I-Test
2;glicose;O;I-Test
2;com;O;O
2;mais;O;O
2;frequência;O;O
2;.;O;O
2;Os;O;O
2;melhores;O;O
2;horários;O;O
2;para;O;O
2;fazer;O;O
2;isso;O;O
2;são;O;O
2;antes;O;B-Time
2;do;O;I-Time
2;café;O;I-Time
2;da;O;I-Time
2;manhã;O;I-Time
2;,;O;I-Time
2;almoço;O;I-Time
2;e;O;I-Time
2;jantar;O;I-Time
2;,;O;O
2;na;O;B-Time
2;hora;O;I-Time
2;de;O;I-Time
2;dormir;O;I-Time
2;e;O;O
2;1;O;B-Time
2;a;O;I-Time
2;2;O;I-Time
2;horas;O;I-Time
2;após;O;I-Time
2;as;O;I-Time
2;refeições;O;I-Time
2;.;O;O
2;Aprenda;B-Complication;O
2;mais;O;O
2;sobre;O;O
2;como;O;O
2;monitorar;O;O
2;sua;O;O
2;glicose;O;O
2;.;O;O
3;A;O;O
3;abóbora;O;B-Food
3;é;O;O
3;uma;O;O
3;boa;O;O
3;opção;O;O
3;de;O;O
3;carboidrato;O;I-Food
3;para;O;O
3;pessoas;O;O
3;com;O;O
3;diabetes;B-Complication;B-Complication
3;,;O;O
3;pois;O;O
3;tem;O;O
3;um;O;O
3;índice;B-GlucoseValue;B-GlucoseValue
3;glicêmico;I-GlucoseValue;I-GlucoseValue
3;mais;O;O
3;baixo;O;O
3;(;O;O
3;carboidratos;O;B-Food
3;são;O;O
3;absorvidos;O;O
3;mais;O;O
3;lentamente;O;O
3;);O;O
3;do;O;O
3;que;O;O
3;alimentos;O;O
3;como;O;O
3;arroz;O;B-Food
3;branco;O;I-Food
3;,;O;O
3;macarrão;O;B-Food
3;e;O;O
3;batata;O;B-Food
3;inglesa;O;I-Food
3;.;O;O
3;É;O;O
3;importante;O;O
3;lembrar;O;O
3;que;O;O
3;tudo;O;O
3;em;O;O
3;excesso;O;O
3;faz;O;O
3;mal;O;O
3;e;O;O
3;,;O;O
3;mais;O;O
3;importante;O;O
3;que;O;O
3;comer;O;O
3;ou;O;O
3;não;O;O
3;determinado;O;O
3;alimento;O;O
3;,;O;O
3;é;O;O
3;ter;O;O
3;uma;O;O
3;dieta;B-NonMedicalTreatment;B-NonMedicalTreatment
3;balanceada;I-NonMedicalTreatment;I-NonMedicalTreatment
3;com;O;O
3;os;O;O
3;nutrientes;O;B-Food
3;e;O;O
3;calorias;O;I-Food
3;adequadas;O;O
3;para;O;O
3;cada;O;O
3;pessoa;O;O
3;.;O;O
3;Por;O;O
3;isso;O;O
3;,;O;O
3;é;O;O
3;importante;O;O
3;se;O;O
3;consultar;O;O
3;com;O;O
3;um;O;O
3;nutricionista;O;O
3;(;O;O
3;que;O;O
3;estão;O;O
3;disponíveis;O;O
3;gratuitamente;O;O
3;no;O;O
3;SUS;O;O
3;);O;O
3;que;O;O
3;poderá;O;O
3;montar;O;O
3;uma;O;O
3;dieta;O;O
3;que;O;O
3;seja;O;O
3;ideal;O;O
3;para;O;O
3;você;O;O
3;.;O;O
4;Todo;O;O
4;remédio;O;O
4;pode;O;O
4;causar;O;O
4;efeito;O;O
4;colateral;O;O
4;.;O;O
4;No;O;O
4;entanto;O;O
4;,;O;O
4;se;O;O
4;sua;O;O
4;médica;O;O
4;receitou;O;O
4;,;O;O
4;é;O;O
4;indicado;O;O
4;que;O;O
4;você;O;O
4;tome;O;O
4;essa;O;O
4;medicação;O;O
4;.;O;O
4;Se;O;O
4;você;O;O
4;começar;O;O
4;a;O;O
4;ter;O;O
4;efeitos;O;O
4;colaterais;O;O
4;(;O;O
4;constipação;O;B-Symptom
4;,;O;O
4;boca;B-Symptom;B-Symptom
4;seca;I-Symptom;I-Symptom
4;e;O;O
4;insônia;O;B-Symptom
4;,;O;O
4;palpitações;O;I-Symptom
4;,;O;O
4;náuseas;O;I-Symptom
4;,;O;O
4;dor;B-Symptom;B-Symptom
4;de;I-Symptom;I-Symptom
4;cabeça;I-Symptom;I-Symptom
4;,;O;O
4;ansiedade;O;B-Symptom
4;,;O;O
4;etc;O;O
4;);O;O
4;,;O;O
4;converse;O;O
4;com;O;O
4;a;O;O
4;médica;O;O
4;imediatamente;O;O
4;!;O;O
5;A;O;O
5;Stevia;O;B-Food
5;é;O;O
5;um;O;O
5;adoçante;O;I-Food
5;que;O;O
5;não;O;O
5;possui;B-Food;O
5;carboidratos;I-Food;I-Food
5;(;O;O
5;açúcares;O;I-Food
5;);O;O
5;em;O;O
5;sua;O;O
5;composição;O;O
5;.;O;O
5;Por;O;O
5;esse;O;O
5;motivo;O;O
5;,;O;O
5;o;O;O
5;seu;O;O
5;consumo;O;O
5;não;O;O
5;aumenta;O;O
5;a;O;O
5;concentração;B-GlucoseValue;B-GlucoseValue
5;de;I-GlucoseValue;I-GlucoseValue
5;açúcar;I-GlucoseValue;I-GlucoseValue
5;no;I-GlucoseValue;I-GlucoseValue
5;sangue;I-GlucoseValue;I-GlucoseValue
5;.;O;O
5;De;O;O
5;qualquer;O;O
5;maneira;O;O
5;,;O;O
5;deve;O;O
5;ser;O;O
5;utilizada;O;O
5;com;O;O
5;moderação;O;O
5;.;O;O
6;Alterações;O;B-Symptom
6;na;O;I-Symptom
6;visão;O;I-Symptom
6;podem;O;O
6;inúmeras;O;O
6;causas;O;O
6;,;O;O
6;sendo;O;O
6;uma;O;O
6;delas;B-Complication;O
6;o;I-Complication;O
6;diabetes;I-Complication;B-Complication
6;mal;O;O
6;controlado;O;O
6;.;O;O
6;Todo;O;O
6;paciente;O;O
6;diabético;O;O
6;precisa;O;O
6;passar;O;O
6;em;O;O
6;uma;O;O
6;consulta;O;O
6;com;O;O
6;o;O;O
6;oftalmologista;O;O
6;(;O;O
6;médico;O;O
6;do;O;O
6;olho;O;O
6;);O;O
6;.;O;O
6;Portanto;O;O
6;,;O;O
6;é;O;O
6;indicado;O;O
6;que;O;O
6;você;O;O
6;procure;O;O
6;o;O;O
6;seu;O;O
6;médico;O;O
6;de;O;O
6;referência;O;O
6;,;O;O
6;conte;O;O
6;o;O;O
6;que;O;O
6;está;O;O
6;acontecendo;O;O
6;e;O;O
6;ele;O;O
6;então;O;O
6;irá;O;O
6;te;O;O
6;encaminhar;O;O
6;para;O;O
6;o;O;O
6;oftalmologista;O;O
6;.;O;O
6;É;O;O
6;gratuito;O;O
6;pelo;O;O
6;SUS;O;O
6;!;O;O
7;O;O;O
7;xilitol;O;B-Food
7;é;O;O
7;um;O;O
7;adoçante;O;I-Food
7;com;O;O
7;muito;O;O
7;menos;O;O
7;calorias;O;I-Food
7;do;O;O
7;que;O;O
7;o;O;O
7;açúcar;O;I-Food
7;,;O;O
7;além;O;O
7;de;O;O
7;ter;O;O
7;um;O;O
7;índice;B-GlucoseValue;B-GlucoseValue
7;glicêmico;I-GlucoseValue;I-GlucoseValue
7;mais;O;O
7;baixo;O;O
7;(;O;O
7;glicose;B-GlucoseValue;B-GlucoseValue
7;no;I-GlucoseValue;I-GlucoseValue
7;sangue;I-GlucoseValue;I-GlucoseValue
7;sobe;O;O
7;mais;O;O
7;lentamente;O;O
7;);O;O
7;,;O;O
7;logo;O;O
7;,;O;O
7;eles;O;O
7;podem;O;O
7;ser;O;O
7;utilizados;O;O
7;por;O;O
7;pessoas;O;O
7;com;O;O
7;diabetes;B-Complication;B-Complication
7;.;O;O
7;No;O;O
7;entanto;O;O
7;,;O;O
7;é;O;O
7;preciso;O;O
7;lembrar;O;O
7;que;O;O
7;seu;O;O
7;uso;O;O
7;deve;O;O
7;ser;O;O
7;feito;O;O
7;com;O;O
7;moderação;O;O
7;.;O;O
8;É;O;O
8;importante;O;O
8;lembrar;O;O
8;que;O;O
8;tudo;O;O
8;em;O;O
8;excesso;O;O
8;faz;O;O
8;mal;O;O
8;e;O;O
8;,;O;O
8;mais;O;O
8;importante;O;O
8;que;O;O
8;comer;O;O
8;ou;O;O
8;não;O;O
8;determinado;O;O
8;alimento;O;O
8;,;O;O
8;é;O;O
8;ter;O;O
8;uma;O;O
8;dieta;B-NonMedicalTreatment;B-NonMedicalTreatment
8;balanceada;I-NonMedicalTreatment;I-NonMedicalTreatment
8;com;O;O
8;os;O;O
8;nutrientes;O;O
8;e;O;O
8;calorias;O;O
8;adequadas;O;O
8;para;O;O
8;cada;O;O
8;pessoa;O;O
8;.;O;O
8;Por;O;O
8;isso;O;O
8;,;O;O
8;é;O;O
8;importante;O;O
8;consultar;O;O
8;um;O;O
8;nutricionista;O;O
8;(;O;O
8;gratuitamente;O;O
8;no;O;O
8;SUS;O;O
8;);O;O
8;que;O;O
8;poderá;O;O
8;montar;O;O
8;uma;O;O
8;dieta;O;B-NonMedicalTreatment
8;que;O;O
8;seja;O;O
8;ideal;O;O
8;para;O;O
8;você;O;O
8;.;O;O
9;O;O;O
9;valor;O;O
9;ideal;O;O
9;da;O;O
9;glicemia;B-GlucoseValue;B-GlucoseValue
9;(;O;O
9;quantidade;B-GlucoseValue;B-GlucoseValue
9;de;I-GlucoseValue;I-GlucoseValue
9;açúcar;I-GlucoseValue;I-GlucoseValue
9;no;I-GlucoseValue;I-GlucoseValue
9;sangue;I-GlucoseValue;I-GlucoseValue
9;);O;O
9;a;O;O
9;ser;O;O
9;alcançada;O;O
9;é;O;O
9;diferente;O;O
9;para;O;O
9;cada;O;O
9;pessoa;O;O
9;.;O;O
9;As;O;O
9;metas;O;O
9;de;O;O
9;glicemia;B-GlucoseValue;B-GlucoseValue
9;são;O;O
9;feitas;O;O
9;levando-se;O;O
9;em;O;O
9;consideração;O;O
9;a;O;O
9;condição;O;O
9;geral;O;O
9;de;O;O
9;cada;O;O
9;um;O;O
9;.;O;O
9;Dessa;O;O
9;forma;O;O
9;,;O;O
9;só;O;O
9;é;O;O
9;possível;O;O
9;saber;O;O
9;se;O;O
9;a;O;O
9;glicemia;B-GlucoseValue;I-GlucoseValue
9;de;O;O
9;uma;O;O
9;pessoa;O;O
9;está;O;O
9;nos;O;O
9;níveis;O;O
9;adequados;O;O
9;após;O;O
9;ser;O;O
9;realizada;O;O
9;uma;O;O
9;avaliação;O;O
9;geral;O;O
9;da;O;O
9;saúde;O;O
9;e;O;O
9;da;O;O
9;história;O;O
9;médica;O;O
9;dessa;O;O
9;pessoa;O;O
9;.;O;O
9;Por;O;O
9;isso;O;O
9;,;O;O
9;é;O;O
9;importante;O;O
9;que;O;O
9;você;O;O
9;consulte;O;O
9;com;O;O
9;seu;O;O
9;médico;O;O
9;e;O;O
9;conte;O;O
9;o;O;O
9;que;O;O
9;está;O;O
9;acontecendo;O;O
9;.;O;O
9;De;O;O
9;maneira;O;O
9;alguma;O;O
9;deve-se;O;O
9;mudar;O;O
9;o;O;O
9;tratamento;O;O
9;sem;O;O
9;consultá-lo;O;O
9;.;O;O
10;A;O;O
10;pessoa;O;O
10;com;O;O
10;diabetes;B-Complication;B-Complication
10;pode;O;O
10;doar;O;O
10;sangue;O;O
10;se;O;O
10;estiver;O;O
10;controlando;O;O
10;a;O;O
10;doença;O;O
10;apenas;O;O
10;com;O;O
10;dieta;B-NonMedicalTreatment;B-NonMedicalTreatment
10;ou;I-NonMedicalTreatment;O
10;remédios;O;O
10;que;O;O
10;sejam;O;O
10;hipoglicemiantes;O;B-Medication
10;orais;O;I-Medication
10;e;O;O
10;que;O;O
10;não;O;O
10;tenha;O;O
10;problemas;O;O
10;nos;O;O
10;vasos;O;O
10;sanguíneos;O;O
10;.;O;O
10;Caso;O;O
10;essa;O;O
10;pessoa;O;O
10;tenha;O;O
10;utilizado;O;O
10;insulina;O;O
10;uma;O;O
10;única;O;O
10;vez;O;O
10;,;O;O
10;não;O;O
10;poderá;O;O
10;doar;O;O
10;sangue;O;O
10;.;O;O
11;Experimente;O;O
11;outras;O;O
11;fontes;O;O
11;de;O;O
11;proteínas;O;B-Food
11;que;O;O
11;não;O;O
11;são;O;O
11;grãos;O;I-Food
11;,;O;O
11;como;O;O
11;carnes;O;I-Food
11;,;O;O
11;aves;O;I-Food
11;,;O;O
11;peixes;O;I-Food
11;,;O;O
11;queijo;O;I-Food
11;,;O;O
11;tofu;O;I-Food
11;,;O;O
11;iogurte;O;I-Food
11;e;O;O
11;legumes;O;I-Food
11;.;O;O
11;Em;O;O
11;seguida;O;O
11;,;O;O
11;veja;O;O
11;o;O;O
11;que;O;O
11;funciona;O;O
11;pra;O;O
11;você;O;O
11;pela;O;O
11;manhã;O;B-Time
11;e;O;O
11;experimente;O;O
11;diferentes;O;O
11;combinações;O;O
11;.;O;O
11;Os;O;O
11;ovos;O;B-Food
11;realmente;O;O
11;beneficiam;O;O
11;a;O;O
11;tireoide;O;O
11;de;O;O
11;manhã;O;B-Time
11;.;O;O
11;Se;O;O
11;você;O;O
11;estiver;O;O
11;precisando;O;O
11;fazer;O;O
11;esse;O;O
11;tipo;O;O
11;de;O;O
11;dieta;B-NonMedicalTreatment;O
11;por;I-NonMedicalTreatment;O
11;um;I-NonMedicalTreatment;O
11;período;I-NonMedicalTreatment;O
11;pequeno;O;O
11;de;O;O
11;tempo;O;O
11;,;O;O
11;sugiro;O;O
11;que;O;O
11;tente;O;O
11;ficar;O;O
11;com;O;O
11;os;O;O
11;ovos;O;B-Food
11;.;O;O
11;Mas;O;O
11;se;O;O
11;for;O;O
11;a;O;O
11;longo;O;O
11;prazo;O;O
11;,;O;O
11;tente;O;O
11;incluir;O;O
11;alguns;O;O
11;grãos;O;I-Food
11;e;O;O
11;farelo;O;B-Food
11;de;O;I-Food
11;aveia;O;I-Food
11;.;O;O
11;Um;O;B-Dose
11;pão;O;B-Food
11;integral;O;I-Food
11;com;O;I-Food
11;queijo;O;I-Food
11;pode;O;O
11;sustentar;O;O
11;.;O;O
11;Existem;O;O
11;shakes;O;B-Food
11;que;O;O
11;substituem;O;O
11;uma;O;O
11;refeição;O;O
11;,;O;O
11;mas;O;O
11;é;O;O
11;preciso;O;O
11;escolher;O;O
11;com;O;O
11;cuidado;O;O
11;para;O;O
11;equilibrar;O;O
11;e;O;O
11;depois;O;O
11;mastigar;O;O
11;alguma;O;O
11;coisa;O;O
11;para;O;O
11;ajudar;O;O
11;a;O;O
11;estimular;O;O
11;o;O;O
11;trato;O;O
11;digestivo;O;O
11;.;O;O
12;Níveis;O;B-GlucoseValue
12;de;O;I-GlucoseValue
12;açúcar;O;I-GlucoseValue
12;(;O;I-GlucoseValue
12;glicose;O;I-GlucoseValue
12;);O;I-GlucoseValue
12;no;O;I-GlucoseValue
12;sangue;O;I-GlucoseValue
12;muito;O;I-GlucoseValue
12;elevados;O;I-GlucoseValue
12;-;O;O
12;que;O;O
12;é;O;O
12;o;O;O
12;seu;O;O
12;caso;O;O
12;-;O;O
12;podem;O;O
12;levar;O;O
12;a;O;O
12;uma;O;O
12;situação;O;O
12;grave;O;O
12;,;O;O
12;chamada;O;O
12;de;O;O
12;cetoacidose;B-Complication;B-Complication
12;diabética;I-Complication;I-Complication
12;.;O;O
12;Além;O;O
12;disso;O;O
12;,;O;O
12;esses;O;O
12;valores;O;O
12;altos;O;O
12;indicam;O;O
12;que;O;O
12;o;O;O
12;tratamento;O;O
12;não;O;O
12;está;O;O
12;sendo;O;O
12;adequado;O;O
12;.;O;O
12;Existem;O;O
12;sim;O;O
12;remédios;O;O
12;que;O;O
12;baixam;O;O
12;a;O;O
12;quantidade;B-GlucoseValue;B-GlucoseValue
12;de;I-GlucoseValue;I-GlucoseValue
12;açúcar;I-GlucoseValue;I-GlucoseValue
12;no;I-GlucoseValue;I-GlucoseValue
12;sangue;I-GlucoseValue;I-GlucoseValue
12;(;O;O
12;glicemia;B-GlucoseValue;B-GlucoseValue
12;);O;O
12;,;O;O
12;como;O;O
12;a;O;O
12;insulina;O;B-Insulin
12;,;O;O
12;por;O;O
12;exemplo;O;O
12;,;O;O
12;mas;O;O
12;que;O;O
12;devem;O;O
12;ser;O;O
12;prescritos;O;O
12;por;O;O
12;um;O;O
12;médico;O;O
12;.;O;O
12;Portanto;O;O
12;,;O;O
12;é;O;O
12;importante;O;O
12;marcar;O;O
12;uma;O;O
12;consulta;O;O
12;o;O;O
12;quanto;O;O
12;antes;O;O
12;para;O;O
12;o;O;O
12;caso;O;O
12;ser;O;O
12;avaliado;O;O
12;.;O;O
13;Não;O;O
13;existe;O;O
13;comprovação;O;O
13;científica;O;O
13;de;O;O
13;que;O;O
13;o;O;O
13;chá;O;B-Food
13;de;O;I-Food
13;canela;O;I-Food
13;possa;O;O
13;ter;O;O
13;algum;O;O
13;benefício;O;O
13;real;O;O
13;para;O;O
13;a;O;O
13;saúde;O;O
13;de;O;O
13;quem;O;O
13;tem;O;O
13;diabetes;B-Complication;B-Complication
13;.;O;O
13;A;O;O
13;Sociedade;O;O
13;Brasileira;O;O
13;de;O;O
13;Diabetes;O;O
13;não;O;O
13;recomenda;O;O
13;o;O;O
13;uso;O;O
13;de;O;O
13;chás;O;B-Food
13;como;O;O
13;estratégia;O;O
13;de;O;O
13;melhoria;O;O
13;de;O;O
13;controle;O;O
13;glicêmico;O;O
13;,;O;O
13;que;O;O
13;não;O;O
13;apresentem;O;O
13;comprovação;O;O
13;científica;O;O
13;.;O;O
13;Para;O;O
13;o;O;O
13;controle;O;O
13;do;O;O
13;diabetes;B-Complication;B-Complication
13;,;O;O
13;é;O;O
13;importante;O;O
13;que;O;O
13;o;O;O
13;paciente;O;O
13;mantenha;O;O
13;o;O;O
13;tratamento;O;O
13;prescrito;O;O
13;pelo;O;O
13;médico;O;O
13;e;O;O
13;que;O;O
13;seja;O;O
13;adequado;O;O
13;a;O;O
13;seu;O;O
13;estilo;O;O
13;de;O;O
13;vida;O;O
13;e;O;O
13;alimentação;B-NonMedicalTreatment;B-NonMedicalTreatment
13;saudável;I-NonMedicalTreatment;I-NonMedicalTreatment
13;.;O;O
14;Estar;O;B-Complication
14;acima;O;I-Complication
14;do;O;I-Complication
14;peso;O;I-Complication
14;pode;O;O
14;fazer;O;O
14;com;O;O
14;que;O;O
14;apareça;O;O
14;o;O;O
14;diabetes;B-DiabetesType;B-DiabetesType
14;tipo;I-DiabetesType;I-DiabetesType
14;2;I-DiabetesType;I-DiabetesType
14;.;O;O
14;Por;O;O
14;isso;O;O
14;,;O;O
14;o;O;O
14;jejum;O;B-NonMedicalTreatment
14;intermitente;O;I-NonMedicalTreatment
14;pode;O;O
14;ser;O;O
14;uma;O;O
14;forma;O;O
14;de;O;O
14;prevenir;O;O
14;o;O;O
14;diabetes;B-DiabetesType;B-DiabetesType
14;tipo;I-DiabetesType;I-DiabetesType
14;2;I-DiabetesType;I-DiabetesType
14;.;O;O
14;O;O;O
14;jejum;O;B-NonMedicalTreatment
14;intermitente;O;I-NonMedicalTreatment
14;também;O;O
14;pode;O;O
14;ser;O;O
14;utilizado;O;O
14;como;O;O
14;tratamento;O;O
14;para;O;O
14;pessoas;O;O
14;recém;O;O
14;diagnosticadas;O;O
14;com;O;O
14;o;O;O
14;diabetes;B-DiabetesType;B-DiabetesType
14;tipo;I-DiabetesType;I-DiabetesType
14;1;I-DiabetesType;I-DiabetesType
14;,;O;O
14;que;O;O
14;precisam;O;O
14;perder;O;B-NonMedicalTreatment
14;peso;O;I-NonMedicalTreatment
14;para;O;O
14;estabilizar;O;O
14;o;O;O
14;seu;O;O
14;quadro;O;O
14;de;O;O
14;saúde;O;O
14;";";O;O
14;essas;O;O
14;pessoas;O;O
14;devem;O;O
14;ser;O;O
14;acompanhadas;O;O
14;por;O;O
14;um;O;O
14;endocrinologista;O;O
14;e;O;O
14;um;O;O
14;nutricionista;O;O
14;.;O;O
15;Em;O;O
15;pessoas;O;O
15;com;O;O
15;diabetes;B-Complication;B-Complication
15;há;O;O
15;duas;O;O
15;principais;O;O
15;causas;O;O
15;para;O;O
15;haver;O;O
15;sensação;O;O
15;de;O;O
15;dormência;O;B-Symptom
15;nas;O;I-Symptom
15;mãos;O;I-Symptom
15;.;O;O
15;A;O;O
15;primeira;O;O
15;é;O;O
15;a;O;O
15;mais;O;O
15;comum;O;O
15;,;O;O
15;que;O;O
15;é;O;O
15;a;O;O
15;piora;B-Complication;B-Complication
15;na;I-Complication;I-Complication
15;circulação;I-Complication;I-Complication
15;quando;O;O
15;elas;O;O
15;deitam;O;O
15;em;O;O
15;cima;O;O
15;do;O;O
15;braço;O;O
15;ou;O;O
15;da;O;O
15;mão;O;O
15;,;O;O
15;essa;O;O
15;dor;B-Symptom;B-Symptom
15;melhora;O;O
15;espontaneamente;O;O
15;com;O;O
15;a;O;O
15;mudança;O;O
15;de;O;O
15;posição;O;O
15;.;O;O
15;A;O;O
15;segunda;O;O
15;causa;O;O
15;é;O;O
15;a;O;O
15;neuropatia;B-Complication;B-Complication
15;diabética;I-Complication;I-Complication
15;,;O;O
15;que;O;O
15;normalmente;B-NonMedicalTreatment;O
15;causa;I-NonMedicalTreatment;O
15;dor;I-NonMedicalTreatment;B-Symptom
15;em;I-NonMedicalTreatment;I-Symptom
15;queimação;I-NonMedicalTreatment;I-Symptom
15;ou;I-NonMedicalTreatment;O
15;formigamento;I-NonMedicalTreatment;B-Symptom
15;nos;O;I-Symptom
15;membros;O;I-Symptom
15;(;O;O
15;mãos;O;O
15;,;O;O
15;braços;O;O
15;,;O;O
15;pés;O;O
15;ou;O;O
15;pernas;O;O
15;);O;O
15;,;O;O
15;mas;O;O
15;que;O;O
15;também;O;O
15;pode;O;O
15;aparecer;O;O
15;como;O;O
15;dormência;O;B-Symptom
15;.;O;O
15;Quando;O;O
15;a;O;O
15;causa;O;O
15;é;O;O
15;a;O;O
15;neuropatia;B-Complication;B-Complication
15;,;O;O
15;normalmente;O;O
15;a;O;O
15;dor;B-Symptom;B-Symptom
15;não;I-Symptom;O
15;passa;I-Symptom;O
15;espontaneamente;O;O
15;,;O;O
15;podendo;O;O
15;até;O;O
15;acordar;O;O
15;a;O;O
15;pessoa;O;O
15;durante;O;O
15;a;O;O
15;noite;O;O
15;de;O;O
15;tanto;O;O
15;incômodo;O;O
15;.;O;O
15;Caso;O;O
15;você;O;O
15;pense;O;O
15;que;O;O
15;está;O;O
15;com;O;O
15;sintomas;O;O
15;de;O;O
15;neuropatia;B-Complication;B-Complication
15;,;O;O
15;é;O;O
15;muito;O;O
15;importante;O;O
15;que;O;O
15;você;O;O
15;agende;O;O
15;uma;O;O
15;consulta;O;O
15;com;O;O
15;o;O;O
15;seu;O;O
15;médico;O;O
15;o;O;O
15;mais;O;O
15;rápido;O;O
15;possível;O;O
15;para;O;O
15;que;O;O
15;ele;O;O
15;possa;O;O
15;avaliar;O;O
15;a;O;O
15;sua;O;O
15;situação;O;O
15;e;O;O
15;propor;O;O
15;algum;O;O
15;tratamento;O;O
15;,;O;O
15;se;O;O
15;possível;O;O
15;.;O;O
16;Quem;O;O
16;tem;O;O
16;diabetes;B-Complication;O
16;tem;O;O
16;uma;O;O
16;chance;O;O
16;maior;O;O
16;de;O;O
16;ter;O;O
16;dificuldades;B-Food;B-Symptom
16;na;I-Food;I-Symptom
16;cicatrização;O;I-Symptom
16;,;O;O
16;pois;O;O
16;as;O;O
16;suas;O;O
16;veias;O;O
16;e;O;O
16;artérias;O;O
16;(;O;O
16;principalmente;O;O
16;das;O;O
16;pernas;O;O
16;e;O;O
16;dos;O;O
16;pés;O;O
16;);O;O
16;costumam;O;O
16;não;O;O
16;cumprir;O;O
16;seu;O;O
16;papel;O;O
16;tão;O;O
16;bem;O;O
16;.;O;O
16;Além;O;O
16;disso;O;O
16;,;O;O
16;é;O;O
16;comum;O;O
16;uma;O;O
16;pessoa;O;O
16;com;O;O
16;diabetes;B-Complication;O
16;ter;O;O
16;a;O;O
16;polineuropatia;B-Complication;B-Complication
16;sensitiva;I-Complication;I-Complication
16;distal;I-Complication;I-Complication
16;,;O;O
16;que;O;O
16;a;O;O
16;faz;O;O
16;perder;O;B-Complication
16;a;O;I-Complication
16;sensibilidade;O;I-Complication
16;nos;O;I-Complication
16;membros;O;I-Complication
16;(;O;O
16;principalmente;O;O
16;nas;O;O
16;pernas;O;O
16;e;O;O
16;os;O;O
16;pés;O;O
16;);O;O
16;e;O;O
16;isso;O;O
16;gera;O;O
16;uma;O;O
16;série;O;O
16;de;O;O
16;problemas;O;O
16;nessas;O;O
16;regiões;O;O
16;.;O;O
16;Esse;O;O
16;conjunto;O;O
16;de;O;O
16;fatores;O;O
16;levam;O;O
16;a;O;O
16;uma;O;O
16;maior;O;O
16;dificuldade;B-Symptom;B-Symptom
16;de;I-Symptom;I-Symptom
16;cicatrização;I-Symptom;I-Symptom
16;,;O;O
16;o;O;O
16;que;O;O
16;se;O;O
16;relaciona;O;O
16;à;O;O
16;maior;O;O
16;chance;O;O
16;de;O;O
16;uma;O;O
16;pessoa;O;O
16;com;O;O
16;diabetes;B-Complication;O
16;ter;O;O
16;complicações;O;O
16;ao;O;O
16;realizar;O;O
16;cirurgias;O;O
16;,;O;O
16;tatuagens;O;O
16;ou;O;O
16;piercings;O;O
16;.;O;O
16;Por;O;O
16;isso;O;O
16;,;O;O
16;é;O;O
16;importante;O;O
16;avaliar;O;O
16;os;O;O
16;riscos;O;O
16;do;O;O
16;procedimento;O;O
16;da;O;O
16;sobrancelha;O;O
16;definitiva;O;O
16;.;O;O
17;É;O;O
17;recomendado;O;O
17;que;O;O
17;se;O;O
17;calibre;O;O
17;o;O;O
17;glicosímetro;O;B-Test
17;(;O;O
17;aparelho;O;O
17;que;O;O
17;mede;O;O
17;a;O;O
17;quantidade;B-GlucoseValue;B-GlucoseValue
17;de;I-GlucoseValue;I-GlucoseValue
17;açúcar;I-GlucoseValue;I-GlucoseValue
17;no;I-GlucoseValue;I-GlucoseValue
17;sangue;I-GlucoseValue;I-GlucoseValue
17;);O;O
17;sempre;O;O
17;que;O;O
17;for;O;O
17;abrir;O;O
17;um;O;O
17;novo;O;O
17;pacote;O;O
17;de;O;O
17;fitas;O;O
17;de;O;O
17;testagem;O;O
17;.;O;O
17;Essa;O;O
17;calibragem;O;O
17;pode;O;O
17;ser;O;O
17;realizada;O;O
17;em;O;O
17;farmácias;O;O
17;.;O;O
18;A;O;O
18;cerveja;O;B-Food
18;é;O;O
18;um;O;O
18;alimento;O;O
18;com;O;O
18;muitas;O;O
18;calorias;O;I-Food
18;e;O;O
18;carboidratos;O;I-Food
18;.;O;O
18;O;O;O
18;seu;O;O
18;consumo;O;O
18;faz;O;O
18;subir;O;O
18;muito;O;O
18;a;O;O
18;quantidade;B-GlucoseValue;B-GlucoseValue
18;de;I-GlucoseValue;I-GlucoseValue
18;açúcar;I-GlucoseValue;I-GlucoseValue
18;no;I-GlucoseValue;I-GlucoseValue
18;sangue;I-GlucoseValue;I-GlucoseValue
18;(;O;O
18;glicemia;B-GlucoseValue;B-GlucoseValue
18;);O;O
18;,;O;O
18;e;O;O
18;,;O;O
18;portanto;O;O
18;,;O;O
18;deve;O;O
18;ser;O;O
18;evitado;O;O
18;pelas;O;O
18;pessoas;O;O
18;com;O;O
18;diabetes;B-Complication;B-Complication
18;.;O;O
18;É;O;O
18;importante;O;O
18;lembrar;O;O
18;que;O;O
18;tudo;O;O
18;em;O;O
18;excesso;O;O
18;faz;O;O
18;mal;O;O
18;e;O;O
18;que;O;O
18;mais;O;O
18;importante;O;O
18;que;O;O
18;comer;O;O
18;ou;O;O
18;deixar;O;O
18;de;O;O
18;comer;O;O
18;certos;O;O
18;alimentos;O;O
18;,;O;O
18;é;O;O
18;ter;O;O
18;uma;O;O
18;dieta;B-NonMedicalTreatment;B-NonMedicalTreatment
18;balanceada;I-NonMedicalTreatment;I-NonMedicalTreatment
18;com;O;O
18;os;O;O
18;nutrientes;O;B-Food
18;e;O;O
18;calorias;O;I-Food
18;adequadas;O;O
18;para;O;O
18;cada;O;O
18;pessoa;O;O
18;.;O;O
18;Por;O;O
18;isso;O;O
18;,;O;O
18;é;O;O
18;ideal;O;O
18;que;O;O
18;se;O;O
18;consulte;O;O
18;com;O;O
18;um;O;O
18;nutricionista;O;O
18;(;O;O
18;que;O;O
18;estão;O;O
18;disponíveis;O;O
18;gratuitamente;O;O
18;no;O;O
18;SUS;O;O
18;);O;O
18;que;O;O
18;poderá;O;O
18;montar;O;O
18;uma;O;O
18;dieta;B-NonMedicalTreatment;B-NonMedicalTreatment
18;ideal;I-NonMedicalTreatment;I-NonMedicalTreatment
18;para;O;O
18;as;O;O
18;suas;O;O
18;necessidades;O;O
18;.;O;O
19;Não;O;O
19;existe;O;O
19;comprovação;O;O
19;científica;O;O
19;de;O;O
19;que;O;O
19;o;O;O
19;chá;O;B-Food
19;de;O;I-Food
19;moringa;O;I-Food
19;possa;O;O
19;ter;O;O
19;algum;O;O
19;benefício;O;O
19;real;O;O
19;para;O;O
19;a;O;O
19;saúde;O;O
19;de;O;O
19;quem;O;O
19;tem;O;O
19;diabetes;B-Complication;B-Complication
19;.;O;O
19;A;O;O
19;Sociedade;O;O
19;Brasileira;O;O
19;de;O;O
19;Diabetes;O;O
19;não;O;O
19;recomenda;O;O
19;o;O;O
19;uso;O;O
19;de;O;O
19;chás;O;B-Food
19;para;O;O
19;controlar;O;O
19;a;O;O
19;quantidade;B-GlucoseValue;B-GlucoseValue
19;de;I-GlucoseValue;I-GlucoseValue
19;açúcar;I-GlucoseValue;I-GlucoseValue
19;no;I-GlucoseValue;I-GlucoseValue
19;sangue;I-GlucoseValue;I-GlucoseValue
19;,;O;O
19;pelo;O;O
19;menos;O;O
19;até;O;O
19;que;O;O
19;existam;O;O
19;evidências;O;O
19;científicas;O;O
19;que;O;O
19;comprovem;O;O
19;a;O;O
19;eficácia;O;O
19;do;O;O
19;seu;O;O
19;uso;O;O
19;.;O;O
19;Para;O;O
19;o;O;O
19;controle;O;O
19;adequado;O;O
19;do;O;O
19;diabetes;B-Complication;B-Complication
19;,;O;O
19;é;O;O
19;importante;O;O
19;sempre;O;O
19;seguir;O;O
19;o;O;O
19;tratamento;O;O
19;prescrito;O;O
19;pelo;O;O
19;médico;O;O
19;,;O;O
19;adotar;O;O
19;hábitos;O;O
19;de;O;O
19;vida;O;O
19;saudáveis;O;O
19;e;O;O
19;se;O;B-NonMedicalTreatment
19;alimentar;O;I-NonMedicalTreatment
19;de;O;I-NonMedicalTreatment
19;forma;O;I-NonMedicalTreatment
19;balanceada;O;I-NonMedicalTreatment
19;.;O;O
20;É;O;O
20;difícil;O;O
20;fazermos;O;O
20;uma;O;O
20;avaliação;O;O
20;por;O;O
20;aqui;O;O
20;,;O;O
20;mas;O;O
20;os;O;O
20;níveis;O;B-GlucoseValue
20;elevados;B-GlucoseValue;I-GlucoseValue
20;de;I-GlucoseValue;I-GlucoseValue
20;glicose;I-GlucoseValue;I-GlucoseValue
20;no;I-GlucoseValue;I-GlucoseValue
20;sangue;I-GlucoseValue;I-GlucoseValue
20;podem;O;O
20;provocar;O;O
20;retinopatia;B-Complication;B-Complication
20;diabética;I-Complication;I-Complication
20;,;O;O
20;que;O;O
20;é;O;O
20;uma;O;O
20;complicação;O;O
20;comum;O;O
20;do;O;O
20;diabetes;B-Complication;O
20;que;O;O
20;pode;O;O
20;levar;O;O
20;à;O;O
20;perda;B-Symptom;B-Symptom
20;da;I-Symptom;I-Symptom
20;visão;I-Symptom;I-Symptom
20;.;O;O
20;Tem;O;O
20;mais;O;O
20;de;O;O
20;uma;O;O
20;maneira;O;O
20;em;O;O
20;que;O;O
20;uma;O;O
20;pessoa;O;O
20;pode;O;O
20;perceber;O;O
20;que;O;O
20;ela;O;O
20;tem;O;O
20;essa;O;O
20;complicação;O;O
20;,;O;O
20;mas;O;O
20;o;O;O
20;ideal;O;O
20;é;O;O
20;que;O;O
20;ela;O;O
20;seja;O;O
20;identificada;O;O
20;antes;O;O
20;mesmo;O;O
20;de;O;O
20;os;O;O
20;sintomas;O;O
20;começarem;O;O
20;.;O;O
20;Os;O;O
20;sintomas;O;O
20;são;O;O
20;:;O;O
20;visão;O;B-Symptom
20;embaçada;O;I-Symptom
20;,;O;O
20;pontos;O;B-Symptom
20;ou;O;I-Symptom
20;manchas;O;I-Symptom
20;escuras;O;I-Symptom
20;flutuando;O;I-Symptom
20;na;O;I-Symptom
20;visão;O;I-Symptom
20;,;O;O
20;perda;O;B-Symptom
20;gradual;O;I-Symptom
20;ou;O;I-Symptom
20;perda;B-NonMedicalTreatment;I-Symptom
20;súbita;I-NonMedicalTreatment;I-Symptom
20;da;I-NonMedicalTreatment;I-Symptom
20;visão;I-NonMedicalTreatment;I-Symptom
20;central;I-NonMedicalTreatment;I-Symptom
20;ou;O;I-Symptom
20;periférica;O;I-Symptom
20;.;O;O
20;Por;O;O
20;esse;O;O
20;motivo;O;O
20;,;O;O
20;é;O;O
20;muito;O;O
20;importante;O;O
20;adotar;O;O
20;o;O;O
20;mais;O;O
20;cedo;O;O
20;possível;O;O
20;as;O;O
20;medidas;O;O
20;de;O;O
20;prevenção;O;O
20;.;O;O
20;A;O;O
20;medida;O;O
20;mais;O;O
20;importante;O;O
20;é;O;O
20;tentar;O;O
20;sempre;O;O
20;manter;O;B-NonMedicalTreatment
20;a;O;I-NonMedicalTreatment
20;quantidade;B-GlucoseValue;I-NonMedicalTreatment
20;de;I-GlucoseValue;I-NonMedicalTreatment
20;açúcar;I-GlucoseValue;I-NonMedicalTreatment
20;no;I-GlucoseValue;I-NonMedicalTreatment
20;sangue;I-GlucoseValue;I-NonMedicalTreatment
20;sob;O;I-NonMedicalTreatment
20;controle;O;I-NonMedicalTreatment
20;.;O;O
20;É;O;O
20;muito;O;O
20;importante;O;O
20;também;O;O
20;que;O;O
20;a;O;O
20;pessoa;O;O
20;com;O;O
20;diabetes;B-Complication;O
20;faça;O;O
20;um;O;O
20;exame;O;O
20;chamado;O;O
20;fundoscopia;O;B-Test
20;óptica;O;I-Test
20;(;O;I-Test
20;ou;O;I-Test
20;exame;O;I-Test
20;de;O;I-Test
20;fundo;O;I-Test
20;de;O;I-Test
20;olho;O;I-Test
20;);O;I-Test
20;uma;O;B-Set
20;vez;O;I-Set
20;ao;O;I-Set
20;ano;O;I-Set
20;.;O;O
20;Esse;O;O
20;exame;O;O
20;irá;O;O
20;avaliar;O;O
20;o;O;O
20;estado;O;O
20;dos;O;O
20;olhos;O;O
20;,;O;O
20;e;O;O
20;,;O;O
20;a;O;O
20;partir;O;O
20;do;O;O
20;resultado;O;O
20;,;O;O
20;é;O;O
20;possível;O;O
20;escolher;O;O
20;o;O;O
20;melhor;O;O
20;tratamento;O;O
20;a;O;O
20;ser;O;O
20;adotado;O;O
20;.;O;O
21;No;O;O
21;tratamento;O;O
21;da;O;O
21;pessoa;O;O
21;com;O;O
21;diabetes;B-Complication;B-Complication
21;,;O;O
21;os;O;O
21;valores;O;O
21;ideais;O;O
21;de;O;O
21;glicose;B-GlucoseValue;B-GlucoseValue
21;no;I-GlucoseValue;I-GlucoseValue
21;sangue;I-GlucoseValue;I-GlucoseValue
21;(;O;O
21;glicemia;B-GlucoseValue;B-GlucoseValue
21;);O;O
21;dependem;O;O
21;de;O;O
21;vários;O;O
21;fatores;O;O
21;,;O;O
21;como;O;O
21;a;O;O
21;hora;O;O
21;do;O;O
21;dia;O;O
21;em;O;O
21;que;O;O
21;a;O;O
21;medida;O;O
21;é;O;O
21;feita;O;O
21;e;O;O
21;quando;O;O
21;foi;O;O
21;consumida;O;O
21;a;O;O
21;última;O;O
21;refeição;O;O
21;.;O;O
21;De;O;O
21;modo;O;O
21;geral;O;O
21;,;O;O
21;em;O;B-Time
21;jejum;O;I-Time
21;e;O;O
21;antes;B-Time;B-Time
21;das;I-Time;I-Time
21;refeições;I-Time;I-Time
21;,;O;O
21;a;O;O
21;glicemia;B-GlucoseValue;O
21;alvo;O;O
21;está;O;O
21;entre;B-GlucoseValue;B-GlucoseValue
21;80;I-GlucoseValue;I-GlucoseValue
21;e;I-GlucoseValue;I-GlucoseValue
21;130;I-GlucoseValue;I-GlucoseValue
21;.;O;O
21;Por;O;O
21;outro;O;O
21;lado;O;O
21;,;O;O
21;até;B-Time;B-Time
21;2;I-Time;I-Time
21;horas;I-Time;I-Time
21;depois;I-Time;I-Time
21;das;I-Time;I-Time
21;refeições;I-Time;I-Time
21;,;O;O
21;tolera-se;O;O
21;uma;O;O
21;glicemia;B-GlucoseValue;O
21;de;I-GlucoseValue;O
21;até;I-GlucoseValue;B-GlucoseValue
21;180;I-GlucoseValue;I-GlucoseValue
21;.;O;O
21;No;O;O
21;entanto;O;O
21;,;O;O
21;essa;O;O
21;meta;O;O
21;pode;O;O
21;ser;O;O
21;alterada;O;O
21;de;O;O
21;acordo;O;O
21;com;O;O
21;algumas;O;O
21;características;O;O
21;de;O;O
21;cada;O;O
21;indivíduo;O;O
21;.;O;O
21;Nesse;O;O
21;sentido;O;O
21;,;O;O
21;o;O;O
21;médico;O;O
21;pode;O;O
21;optar;O;O
21;por;O;O
21;fazer;O;O
21;um;O;O
21;controle;O;O
21;mais;O;O
21;restrito;O;O
21;em;O;O
21;pessoas;O;O
21;jovens;O;O
21;,;O;O
21;saudáveis;O;O
21;e;O;O
21;/;O;O
21;ou;O;O
21;com;O;O
21;pouco;O;O
21;tempo;O;O
21;de;O;O
21;diabetes;B-Complication;B-Complication
21;,;O;O
21;buscando;O;O
21;valores;O;O
21;de;O;O
21;glicemia;B-GlucoseValue;B-GlucoseValue
21;mais;O;O
21;baixos;O;O
21;.;O;O
21;Por;O;O
21;outro;O;O
21;lado;O;O
21;,;O;O
21;pode-se;O;O
21;tolerar;O;O
21;um;O;O
21;controle;O;O
21;menos;O;O
21;restrito;O;O
21;em;O;O
21;pessoas;O;O
21;idosas;O;O
21;,;O;O
21;com;O;O
21;outros;O;O
21;problemas;O;O
21;de;O;O
21;saúde;O;O
21;e;O;O
21;/;O;O
21;ou;O;O
21;com;O;O
21;longo;O;O
21;tempo;O;O
21;de;O;O
21;diabetes;B-Complication;B-Complication
21;,;O;O
21;estabelecendo;O;O
21;metas;O;O
21;de;O;O
21;glicemia;B-GlucoseValue;B-GlucoseValue
21;mais;O;O
21;altas;O;O
21;.;O;O
21;Portanto;O;O
21;,;O;O
21;ainda;O;O
21;que;O;O
21;seu;O;O
21;exame;O;O
21;esteja;O;O
21;dentro;O;O
21;das;O;O
21;metas;O;O
21;acima;O;O
21;,;O;O
21;pode;O;O
21;ser;O;O
21;que;O;O
21;elas;O;O
21;não;O;O
21;sejam;O;O
21;as;O;O
21;mais;O;O
21;adequadas;O;O
21;para;O;O
21;você;O;O
21;,;O;O
21;por;O;O
21;isso;O;O
21;é;O;O
21;muito;O;O
21;importante;O;O
21;que;O;O
21;você;O;O
21;mantenha;O;O
21;controle;O;O
21;regular;O;O
21;com;O;O
21;um;O;O
21;médico;O;O
21;,;O;O
21;que;O;O
21;irá;O;O
21;estabelecer;O;O
21;o;O;O
21;melhor;O;O
21;tratamento;O;O
21;para;O;O
21;o;O;O
21;seu;O;O
21;caso;O;O
21;.;O;O
21;Em;O;O
21;relação;O;O
21;a;O;O
21;glicada;O;O
21;,;O;O
21;de;O;O
21;modo;O;O
21;geral;O;O
21;,;O;O
21;no;O;O
21;tratamento;O;O
21;da;O;O
21;pessoa;O;O
21;com;O;O
21;diabetes;B-Complication;B-Complication
21;,;O;O
21;busca-se;O;O
21;atingir;O;O
21;valores;O;O
21;de;O;O
21;hemoglobina;O;O
21;glicada;O;O
21;(;O;O
21;HbA1c;O;O
21;);O;O
21;menores;O;O
21;que;O;O
21;7,0%;O;O
21;.;O;O
21;No;O;O
21;entanto;O;O
21;,;O;O
21;essa;O;O
21;meta;O;O
21;pode;O;O
21;ser;O;O
21;alterada;O;O
21;de;O;O
21;acordo;O;O
21;com;O;O
21;algumas;O;O
21;características;O;O
21;de;O;O
21;cada;O;O
21;indivíduo;O;O
21;.;O;O
21;Nesse;O;O
21;sentido;O;O
21;,;O;O
21;o;O;O
21;médico;O;O
21;pode;O;O
21;optar;O;O
21;por;O;O
21;fazer;O;O
21;um;O;O
21;controle;O;O
21;mais;O;O
21;restrito;O;O
21;em;O;O
21;pessoas;O;O
21;jovens;O;O
21;,;O;O
21;saudáveis;O;O
21;e;O;O
21;/;O;O
21;ou;O;O
21;com;O;O
21;pouco;O;O
21;tempo;O;O
21;de;O;O
21;diabetes;B-Complication;I-Complication
21;,;O;O
21;buscando;O;O
21;um;O;O
21;valor;O;O
21;de;O;O
21;hemoglobina;O;O
21;glicada;O;O
21;(;O;O
21;HbA1c;O;O
21;);O;O
21;próximo;O;O
21;a;O;O
21;6,5%;O;O
21;.;O;O
21;Por;O;O
21;outro;O;O
21;lado;O;O
21;,;O;O
21;pode-se;O;O
21;tolerar;O;O
21;um;O;O
21;controle;O;O
21;menos;O;O
21;restrito;O;O
21;em;O;O
21;pessoas;O;O
21;idosas;O;O
21;,;O;O
21;com;O;O
21;outros;O;O
21;problemas;O;O
21;de;O;O
21;saúde;O;O
21;e;O;O
21;/;O;O
21;ou;O;O
21;com;O;O
21;longo;O;O
21;tempo;O;O
21;de;O;O
21;diabetes;B-Complication;I-Complication
21;,;O;O
21;estabelecendo;O;O
21;metas;O;O
21;de;O;O
21;hemoglobina;O;O
21;glicada;O;O
21;(;O;O
21;HbA1c;O;O
21;);O;O
21;próximas;O;O
21;a;O;O
21;8%;O;O
21;.;O;O
21;Portanto;O;O
21;,;O;O
21;ainda;O;O
21;que;O;O
21;seu;O;O
21;exame;O;O
21;esteja;O;O
21;dentro;O;O
21;das;O;O
21;metas;O;O
21;acima;O;O
21;,;O;O
21;pode;O;O
21;ser;O;O
21;que;O;O
21;elas;O;O
21;não;O;O
21;sejam;O;O
21;as;O;O
21;mais;O;O
21;adequadas;O;O
21;para;O;O
21;você;O;O
21;,;O;O
21;por;O;O
21;isso;O;O
21;é;O;O
21;muito;O;O
21;importante;O;O
21;que;O;O
21;você;O;O
21;mantenha;O;O
21;controle;O;O
21;regular;O;O
21;com;O;O
21;um;O;O
21;médico;O;O
21;,;O;O
21;que;O;O
21;irá;O;O
21;estabelecer;O;O
21;o;O;O
21;melhor;O;O
21;tratamento;O;O
21;para;O;O
21;o;O;O
21;seu;O;O
21;caso;O;O
21;.;O;O
22;Não;O;O
22;existe;O;O
22;um;O;O
22;alimento;O;O
22;específico;O;O
22;que;O;O
22;previne;O;O
22;o;O;O
22;diabetes;B-Complication;B-Complication
22;.;O;O
22;A;O;O
22;prevenção;O;O
22;do;O;O
22;diabetes;B-Complication;I-Complication
22;deve;O;O
22;ser;O;O
22;feita;O;O
22;por;O;O
22;todas;O;O
22;as;O;O
22;pessoas;O;O
22;,;O;O
22;sem;O;O
22;exceção;O;O
22;!;O;O
22;É;O;O
22;feita;O;O
22;por;O;O
22;meio;O;O
22;de;O;O
22;uma;O;O
22;alimentação;B-NonMedicalTreatment;B-NonMedicalTreatment
22;equilibrada;I-NonMedicalTreatment;I-NonMedicalTreatment
22;e;I-NonMedicalTreatment;O
22;realização;I-NonMedicalTreatment;O
22;de;I-NonMedicalTreatment;O
22;atividade;I-NonMedicalTreatment;B-NonMedicalTreatment
22;física;I-NonMedicalTreatment;I-NonMedicalTreatment
22;por;O;O
22;pelo;O;O
22;menos;O;O
22;uma;O;B-Set
22;hora;O;I-Set
22;e;O;I-Set
22;30;O;I-Set
22;minutos;O;I-Set
22;na;O;I-Set
22;semana;O;I-Set
22;.;O;O
23;Esses;O;O
23;sintomas;O;O
23;que;O;O
23;você;O;O
23;está;O;O
23;nos;O;O
23;contando;O;O
23;podem;O;O
23;ser;O;O
23;causados;O;O
23;pela;O;O
23;neuropatia;B-Complication;B-Complication
23;diabética;I-Complication;I-Complication
23;.;O;O
23;A;O;O
23;neuropatia;B-Complication;B-Complication
23;diabética;I-Complication;I-Complication
23;pode;O;O
23;ter;O;O
23;várias;O;O
23;formas;O;O
23;de;O;O
23;apresentação;O;O
23;,;O;O
23;sendo;O;O
23;a;O;O
23;mais;O;O
23;comum;O;O
23;a;O;O
23;polineuropatia;B-Complication;B-Complication
23;sensitiva;I-Complication;I-Complication
23;distal;I-Complication;I-Complication
23;.;O;O
23;Esse;O;O
23;tipo;O;O
23;de;O;O
23;neuropatia;B-Complication;O
23;costuma;O;O
23;acometer;O;O
23;os;O;O
23;membros;O;O
23;(;O;O
23;pés;O;O
23;,;O;O
23;pernas;O;O
23;,;O;O
23;mãos;O;O
23;e;O;O
23;braços;O;O
23;);O;O
23;,;O;O
23;iniciando;O;O
23;com;O;O
23;sintomas;O;O
23;de;O;O
23;dor;B-Symptom;B-Symptom
23;em;O;I-Symptom
23;queimação;O;I-Symptom
23;principalmente;O;O
23;à;O;O
23;noite;O;B-Time
23;e;O;O
23;,;O;O
23;com;O;O
23;a;O;O
23;piora;O;O
23;,;O;O
23;evoluindo;O;O
23;para;O;O
23;perda;B-Complication;B-Complication
23;da;I-Complication;I-Complication
23;sensibilidade;I-Complication;I-Complication
23;(;O;O
23;dificuldade;B-Complication;B-Complication
23;de;I-Complication;I-Complication
23;sentir;I-Complication;I-Complication
23;o;I-Complication;I-Complication
23;toque;I-Complication;I-Complication
23;);O;O
23;.;O;O
23;Se;O;O
23;você;O;O
23;já;O;O
23;possui;O;O
23;algum;O;O
23;dano;O;O
23;ou;O;O
23;dor;B-Symptom;B-Symptom
23;crônica;I-Symptom;I-Symptom
23;existem;O;O
23;tratamentos;B-Medication;B-Medication
23;farmacológicos;O;I-Medication
23;(;O;O
23;remédios;O;O
23;);O;O
23;que;O;O
23;podem;O;O
23;auxiliar;O;O
23;no;O;O
23;controle;O;O
23;da;O;O
23;dor;B-Symptom;B-Symptom
23;,;O;O
23;mas;O;O
23;que;O;O
23;devem;O;O
23;ser;O;O
23;prescritos;O;O
23;pelo;O;O
23;médico;O;O
23;que;O;O
23;faz;O;O
23;o;O;O
23;seu;O;O
23;acompanhamento;O;O
23;.;O;O
24;Esses;O;O
24;não;O;O
24;são;O;O
24;sintomas;O;O
24;típicos;O;O
24;de;O;O
24;diabetes;B-Complication;B-Complication
24;.;O;O
24;No;O;O
24;entanto;O;O
24;,;O;O
24;não;O;O
24;devem;O;O
24;ser;O;O
24;ignorados;O;O
24;,;O;O
24;pois;O;O
24;podem;O;O
24;indicar;O;O
24;algum;O;O
24;outro;O;O
24;problema;O;O
24;de;O;O
24;saúde;O;O
24;!;O;O
24;Portanto;O;O
24;,;O;O
24;é;O;O
24;importante;O;O
24;que;O;O
24;se;O;O
24;procure;O;O
24;um;O;O
24;médico;O;O
24;.;O;O
25;A;O;O
25;farinha;O;B-Food
25;de;O;I-Food
25;coco;O;I-Food
25;e;O;O
25;a;O;O
25;farinha;O;B-Food
25;de;O;I-Food
25;amêndoas;O;I-Food
25;possuem;O;O
25;fibras;O;O
25;e;O;O
25;baixo;B-GlucoseValue;B-GlucoseValue
25;índice;I-GlucoseValue;I-GlucoseValue
25;glicêmico;I-GlucoseValue;I-GlucoseValue
25;(;O;O
25;o;O;O
25;açúcar;O;O
25;presente;O;O
25;nelas;O;O
25;é;O;O
25;absorvido;O;O
25;mais;O;O
25;lentamente;O;O
25;);O;O
25;e;O;O
25;isso;O;O
25;é;O;O
25;algo;O;O
25;positivo;O;O
25;para;O;O
25;quem;O;O
25;tem;O;O
25;diabetes;B-Complication;O
25;.;O;O
25;Mas;O;O
25;também;O;O
25;é;O;O
25;importante;O;O
25;lembrar;O;O
25;que;O;O
25;tudo;O;O
25;em;O;O
25;excesso;O;O
25;faz;O;O
25;mal;O;O
25;e;O;O
25;que;O;O
25;mais;O;O
25;importante;O;O
25;que;O;O
25;comer;O;O
25;ou;O;O
25;deixar;O;O
25;de;O;O
25;comer;O;O
25;certos;O;O
25;alimentos;O;O
25;,;O;O
25;é;O;O
25;ter;O;O
25;uma;O;B-NonMedicalTreatment
25;dieta;B-NonMedicalTreatment;I-NonMedicalTreatment
25;balanceada;I-NonMedicalTreatment;I-NonMedicalTreatment
25;com;O;I-NonMedicalTreatment
25;os;O;I-NonMedicalTreatment
25;nutrientes;O;I-NonMedicalTreatment
25;e;O;I-NonMedicalTreatment
25;calorias;O;I-NonMedicalTreatment
25;adequadas;O;I-NonMedicalTreatment
25;para;O;O
25;cada;O;O
25;pessoa;O;O
25;.;O;O
25;Por;O;O
25;isso;O;O
25;,;O;O
25;é;O;O
25;ideal;O;O
25;que;O;O
25;se;O;O
25;consulte;O;O
25;com;O;O
25;um;O;O
25;nutricionista;O;O
25;(;O;O
25;que;O;O
25;estão;O;O
25;disponíveis;O;O
25;gratuitamente;O;O
25;no;O;O
25;SUS;O;O
25;);O;O
25;que;O;O
25;poderá;O;O
25;montar;O;O
25;uma;O;O
25;dieta;B-NonMedicalTreatment;O
25;ideal;I-NonMedicalTreatment;O
25;para;O;O
25;as;O;O
25;suas;O;O
25;necessidades;O;O
25;.;O;O
26;De;O;O
26;modo;O;O
26;geral;O;O
26;,;O;O
26;no;O;O
26;tratamento;O;O
26;da;O;O
26;pessoa;O;O
26;com;O;O
26;diabetes;B-Complication;B-Complication
26;,;O;O
26;busca-se;O;O
26;atingir;O;O
26;valores;O;O
26;de;O;O
26;hemoglobina;O;O
26;glicada;O;O
26;(;O;O
26;HbA1c;O;O
26;);O;O
26;menores;O;O
26;que;O;O
26;7,0%;O;O
26;.;O;O
26;No;O;O
26;entanto;O;O
26;,;O;O
26;essa;O;O
26;meta;O;O
26;pode;O;O
26;ser;O;O
26;alterada;O;O
26;de;O;O
26;acordo;O;O
26;com;O;O
26;algumas;O;O
26;características;O;O
26;de;O;O
26;cada;O;O
26;indivíduo;O;O
26;.;O;O
26;Nesse;O;O
26;sentido;O;O
26;,;O;O
26;o;O;O
26;médico;O;O
26;pode;O;O
26;optar;O;O
26;por;O;O
26;fazer;O;O
26;um;O;O
26;controle;O;O
26;mais;O;O
26;restrito;O;O
26;em;O;O
26;pessoas;O;O
26;jovens;O;O
26;,;O;O
26;saudáveis;O;O
26;e;O;O
26;/;O;O
26;ou;O;O
26;com;O;O
26;pouco;O;O
26;tempo;O;O
26;de;O;O
26;diabetes;B-Complication;I-Complication
26;,;O;O
26;buscando;O;O
26;um;O;O
26;valor;O;O
26;de;O;O
26;hemoglobina;O;O
26;glicada;O;O
26;(;O;O
26;HbA1c;O;O
26;);O;O
26;próximo;O;O
26;a;O;O
26;6,5%;O;O
26;.;O;O
26;Por;O;O
26;outro;O;O
26;lado;O;O
26;,;O;O
26;pode-se;O;O
26;tolerar;O;O
26;um;O;O
26;controle;O;O
26;menos;O;O
26;restrito;O;O
26;em;O;O
26;pessoas;O;O
26;idosas;O;O
26;,;O;O
26;com;O;O
26;outros;O;O
26;problemas;O;O
26;de;O;O
26;saúde;O;O
26;e;O;O
26;/;O;O
26;ou;O;O
26;com;O;O
26;longo;O;O
26;tempo;O;O
26;de;O;O
26;diabetes;B-Complication;I-Complication
26;,;O;O
26;estabelecendo;O;O
26;metas;O;O
26;de;O;O
26;hemoglobina;O;O
26;glicada;O;O
26;(;O;O
26;HbA1c;O;O
26;);O;O
26;próximas;O;O
26;a;O;O
26;8%;O;O
26;.;O;O
26;Portanto;O;O
26;,;O;O
26;ainda;O;O
26;que;O;O
26;seu;O;O
26;exame;O;O
26;esteja;O;O
26;dentro;O;O
26;das;O;O
26;metas;O;O
26;acima;O;O
26;,;O;O
26;pode;O;O
26;ser;O;O
26;que;O;O
26;elas;O;O
26;não;O;O
26;sejam;O;O
26;as;O;O
26;mais;O;O
26;adequadas;O;O
26;para;O;O
26;você;O;O
26;,;O;O
26;por;O;O
26;isso;O;O
26;é;O;O
26;muito;O;O
26;importante;O;O
26;que;O;O
26;você;O;O
26;mantenha;O;O
26;controle;O;O
26;regular;O;O
26;com;O;O
26;um;O;O
26;médico;O;O
26;,;O;O
26;que;O;O
26;irá;O;O
26;estabelecer;O;O
26;o;O;O
26;melhor;O;O
26;tratamento;O;O
26;para;O;O
26;o;O;O
26;seu;O;O
26;caso;O;O
26;.;O;O
27;É;O;O
27;sempre;O;O
27;bom;O;O
27;preparar;O;O
27;lanches;O;O
27;saudáveis;O;O
27;com;O;O
27;antecedência;O;O
27;para;O;O
27;quando;O;O
27;você;O;O
27;for;O;O
27;ficar;O;O
27;fora;O;O
27;de;O;O
27;casa;O;O
27;por;O;O
27;muito;O;O
27;tempo;O;O
27;.;O;O
27;Algumas;O;O
27;sugestões;O;O
27;são;O;O
27;frutas;O;O
27;(;O;O
27;frescas;O;O
27;,;O;O
27;secas;O;O
27;ou;O;O
27;preparadas;O;O
27;em;O;O
27;potinhos;B-Complication;O
27;);O;O
27;,;O;O
27;barrinhas;O;B-Food
27;de;O;I-Food
27;cereal;O;I-Food
27;,;O;O
27;mix;O;B-Food
27;de;O;I-Food
27;nozes;O;I-Food
27;,;O;O
27;cenourinhas;O;B-Food
27;e;O;O
27;biscoitos;O;B-Food
27;integrais;O;I-Food
27;.;O;O
27;Lembre;O;O
27;de;O;O
27;não;O;O
27;levar;O;O
27;alimentos;O;O
27;que;O;O
27;precisem;O;O
27;de;O;O
27;refrigeração;O;O
27;,;O;O
27;pois;O;O
27;eles;O;O
27;podem;O;O
27;comeaçar;O;O
27;a;O;O
27;estragar;O;O
27;no;O;O
27;meio;O;O
27;do;O;O
27;caminho;O;O
27;.;O;O
27;E;O;O
27;não;O;O
27;se;O;O
27;esqueça;O;O
27;da;O;O
27;água;O;O
27;!;O;O
28;Perder;O;B-NonMedicalTreatment
28;peso;O;I-NonMedicalTreatment
28;é;O;O
28;essencial;O;O
28;,;O;O
28;principalmente;O;O
28;logo;O;O
28;após;O;O
28;o;O;O
28;diagnóstico;O;O
28;de;O;O
28;tipo;B-DiabetesType;B-DiabetesType
28;2;I-DiabetesType;I-DiabetesType
28;ou;O;O
28;de;O;O
28;pré-diabetes;O;O
28;.;O;O
28;A;O;O
28;perda;B-Symptom;O
28;de;I-Symptom;O
28;peso;I-Symptom;O
28;aumenta;O;O
28;a;O;O
28;sensibilidade;O;O
28;à;O;O
28;insulina;O;O
28;,;O;O
28;permitindo;O;O
28;que;O;O
28;as;O;O
28;células;O;O
28;usem;O;O
28;com;O;O
28;mais;O;O
28;eficácia;O;O
28;a;O;O
28;insulina;O;O
28;que;O;O
28;o;O;O
28;corpo;O;O
28;continua;O;O
28;produzindo;O;O
28;.;O;O
28;Perder;O;B-NonMedicalTreatment
28;de;O;I-NonMedicalTreatment
28;5;O;I-NonMedicalTreatment
28;a;O;I-NonMedicalTreatment
28;10;O;I-NonMedicalTreatment
28;quilos;O;I-NonMedicalTreatment
28;já;O;O
28;pode;O;O
28;gerar;O;O
28;muitos;O;O
28;benefícios;O;O
28;,;O;O
28;como;O;O
28;a;O;O
28;melhora;O;O
28;do;O;O
28;nível;B-GlucoseValue;B-GlucoseValue
28;de;I-GlucoseValue;I-GlucoseValue
28;açúcar;I-GlucoseValue;I-GlucoseValue
28;no;I-GlucoseValue;I-GlucoseValue
28;sangue;I-GlucoseValue;I-GlucoseValue
28;,;O;O
28;da;O;O
28;pressão;O;B-Symptom
28;arterial;O;I-Symptom
28;e;O;O
28;dos;O;O
28;níveis;O;B-Symptom
28;de;O;I-Symptom
28;colesterol;O;I-Symptom
28;.;O;O
28;Além;O;O
28;disso;O;O
28;,;O;O
28;você;O;O
28;pode;O;O
28;até;O;O
28;vir;O;O
28;a;O;O
28;tomar;O;O
28;menos;O;O
28;medicamentos;O;O
28;ou;O;O
28;doses;O;O
28;mais;O;O
28;baixas;O;O
28;.;O;O
28;Para;O;O
28;perder;O;O
28;peso;O;O
28;de;O;O
28;forma;O;O
28;lenta;O;O
28;e;O;O
28;constante;O;O
28;,;O;O
28;mude;O;O
28;seu;O;O
28;estilo;O;O
28;de;O;O
28;vida;O;O
28;.;O;O
28;Os;O;O
28;quilos;O;O
28;que;O;O
28;você;O;O
28;afasta;O;O
28;ao;O;O
28;longo;O;O
28;do;O;O
28;tempo;O;O
28;são;O;O
28;os;O;O
28;mais;O;O
28;importantes;O;O
28;para;O;O
28;uma;O;O
28;vida;O;O
28;longa;O;O
28;.;O;O
29;Seria;O;O
29;importante;O;O
29;que;O;O
29;vocês;O;O
29;nos;O;O
29;contasse;O;O
29;como;O;O
29;é;O;O
29;o;O;O
29;padrão;O;O
29;dessa;O;O
29;dor;B-Symptom;B-Symptom
29;?;O;O
29;Onde;B-Food;O
29;exatamente;I-Food;O
29;que;O;O
29;dói;O;O
29;?;O;O
29;Nas;O;O
29;duas;O;O
29;pernas;O;O
29;ou;O;O
29;só;O;O
29;em;O;O
29;uma;O;O
29;?;O;O
29;Tem;O;O
29;algum;O;O
29;horário;O;O
29;que;O;O
29;dói;O;O
29;mais;O;O
29;?;O;O
29;Essa;O;O
29;dor;B-Symptom;I-Symptom
29;caminha;I-Symptom;O
29;para;O;O
29;algum;O;O
29;outro;O;O
29;local;B-Food;O
29;?;I-Food;O
29;Fica;O;O
29;quente;O;O
29;,;O;O
29;vermelho;O;O
29;ou;O;O
29;inchado;O;O
29;?;O;O
29;De;O;O
29;qualquer;O;O
29;forma;O;O
29;,;O;O
29;é;O;O
29;importante;O;O
29;avaliar;O;O
29;como;O;O
29;está;O;O
29;o;O;O
29;controle;O;O
29;do;O;O
29;seu;O;O
29;diabetes;B-Complication;B-Complication
29;,;O;O
29;porque;O;O
29;essa;O;O
29;dor;B-Symptom;B-Symptom
29;pode;O;O
29;ser;O;O
29;devido;O;O
29;a;O;O
29;uma;O;O
29;complicação;O;O
29;crônica;O;O
29;do;O;O
29;diabetes;B-Complication;B-Complication
29;,;O;O
29;chamada;O;O
29;neuropatia;B-Complication;I-Complication
29;.;O;O
29;Se;O;O
29;você;O;O
29;já;O;O
29;possui;O;O
29;algum;O;O
29;dano;O;O
29;ou;O;O
29;dor;B-Symptom;B-Symptom
29;crônica;I-Symptom;I-Symptom
29;existem;O;O
29;tratamentos;B-Medication;B-Medication
29;farmacológicos;O;I-Medication
29;(;O;O
29;remédios;O;O
29;);O;O
29;que;O;O
29;podem;O;O
29;auxiliar;O;O
29;no;O;O
29;controle;O;O
29;da;O;O
29;dor;B-Symptom;B-Symptom
29;,;O;O
29;mas;O;O
29;que;O;O
29;devem;O;O
29;ser;O;O
29;prescritos;O;O
29;pelo;O;O
29;médico;O;O
29;que;O;O
29;faz;O;O
29;o;O;O
29;seu;O;O
29;acompanhamento;O;O
29;.;O;O
